{"v":"5.8.1","fr":60,"ip":102,"op":162,"w":430,"h":430,"nm":"wired-outline-1331-repository","ddd":0,"assets":[{"id":"comp_0","nm":"in-reveal","fr":60,"layers":[{"ddd":0,"ind":1,"ty":4,"nm":"outline 3","parent":2,"sr":1,"ks":{"o":{"a":0,"k":100,"ix":11},"r":{"a":0,"k":0,"ix":10},"p":{"a":0,"k":[57.001,52.004,0],"ix":2,"l":2},"a":{"a":0,"k":[257.001,289.004,0],"ix":1,"l":2},"s":{"a":0,"k":[100,100,100],"ix":6,"l":2}},"ao":0,"shapes":[{"ty":"gr","it":[{"ind":0,"ty":"sh","ix":1,"ks":{"a":1,"k":[{"i":{"x":0,"y":1},"o":{"x":0.167,"y":0.167},"t":44,"s":[{"i":[[0,0],[0,0]],"o":[[0,0],[0,0]],"v":[[0.013,-0.041],[-0.013,0.041]],"c":false}]},{"t":92,"s":[{"i":[[0,0],[0,0]],"o":[[0,0],[0,0]],"v":[[8.828,-27.245],[-8.828,27.245]],"c":false}]}],"ix":2},"nm":"Path 1","mn":"ADBE Vector Shape - Group","hd":false},{"ty":"st","c":{"a":0,"k":[0,0.592,0.918,1],"ix":3,"x":"var $bm_rt;\n$bm_rt = comp('wired-outline-1331-repository').layer('control').effect('secondary')('Color');"},"o":{"a":0,"k":100,"ix":4},"w":{"a":0,"k":12.04,"ix":5,"x":"var $bm_rt;\n$bm_rt = $bm_mul($bm_div(value, 2), comp('wired-outline-1331-repository').layer('control').effect('stroke')('Menu'));"},"lc":2,"lj":2,"bm":0,"nm":".secondary","mn":"ADBE Vector Graphic - Stroke","hd":false,"cl":"secondary"},{"ty":"tr","p":{"a":0,"k":[256.595,289.004],"ix":2},"a":{"a":0,"k":[0,0],"ix":1},"s":{"a":0,"k":[100,100],"ix":3},"r":{"a":1,"k":[{"i":{"x":[0.27],"y":[1]},"o":{"x":[0.167],"y":[0.167]},"t":44,"s":[252]},{"t":92,"s":[180]}],"ix":6},"o":{"a":0,"k":100,"ix":7},"sk":{"a":0,"k":0,"ix":4},"sa":{"a":0,"k":0,"ix":5},"nm":"Transform"}],"nm":"Group 1","np":2,"cix":2,"bm":0,"ix":1,"mn":"ADBE Vector Group","hd":false},{"ty":"gr","it":[{"ind":0,"ty":"sh","ix":1,"ks":{"a":1,"k":[{"i":{"x":0.27,"y":1},"o":{"x":0.167,"y":0.167},"t":44,"s":[{"i":[[0,0],[0,0],[0,0]],"o":[[0,0],[0,0],[0,0]],"v":[[17.707,-0.694],[17.707,-0.694],[17.707,-0.694]],"c":false}]},{"t":92,"s":[{"i":[[0,0],[0,0],[0,0]],"o":[[0,0],[0,0],[0,0]],"v":[[-18.488,-27.245],[18.488,0],[-18.488,27.245]],"c":false}]}],"ix":2},"nm":"Path 1","mn":"ADBE Vector Shape - Group","hd":false},{"ty":"st","c":{"a":0,"k":[0,0.592,0.918,1],"ix":3,"x":"var $bm_rt;\n$bm_rt = comp('wired-outline-1331-repository').layer('control').effect('secondary')('Color');"},"o":{"a":0,"k":100,"ix":4},"w":{"a":0,"k":12.04,"ix":5,"x":"var $bm_rt;\n$bm_rt = $bm_mul($bm_div(value, 2), comp('wired-outline-1331-repository').layer('control').effect('stroke')('Menu'));"},"lc":2,"lj":2,"bm":0,"nm":".secondary","mn":"ADBE Vector Graphic - Stroke","hd":false,"cl":"secondary"},{"ty":"tr","p":{"a":0,"k":[320.957,289.004],"ix":2},"a":{"a":0,"k":[0,0],"ix":1},"s":{"a":0,"k":[100,100],"ix":3},"r":{"a":0,"k":0,"ix":6},"o":{"a":0,"k":100,"ix":7},"sk":{"a":0,"k":0,"ix":4},"sa":{"a":0,"k":0,"ix":5},"nm":"Transform"}],"nm":"Group 2","np":2,"cix":2,"bm":0,"ix":2,"mn":"ADBE Vector Group","hd":false},{"ty":"gr","it":[{"ind":0,"ty":"sh","ix":1,"ks":{"a":1,"k":[{"i":{"x":0.27,"y":1},"o":{"x":0.167,"y":0.167},"t":44,"s":[{"i":[[0,0],[0,0],[0,0]],"o":[[0,0],[0,0],[0,0]],"v":[[-19.042,-0.694],[-19.042,-0.694],[-19.042,-0.694]],"c":false}]},{"t":92,"s":[{"i":[[0,0],[0,0],[0,0]],"o":[[0,0],[0,0],[0,0]],"v":[[18.488,-27.245],[-18.488,0],[18.488,27.245]],"c":false}]}],"ix":2},"nm":"Path 1","mn":"ADBE Vector Shape - Group","hd":false},{"ty":"st","c":{"a":0,"k":[0,0.592,0.918,1],"ix":3,"x":"var $bm_rt;\n$bm_rt = comp('wired-outline-1331-repository').layer('control').effect('secondary')('Color');"},"o":{"a":0,"k":100,"ix":4},"w":{"a":0,"k":12.04,"ix":5,"x":"var $bm_rt;\n$bm_rt = $bm_mul($bm_div(value, 2), comp('wired-outline-1331-repository').layer('control').effect('stroke')('Menu'));"},"lc":2,"lj":2,"bm":0,"nm":".secondary","mn":"ADBE Vector Graphic - Stroke","hd":false,"cl":"secondary"},{"ty":"tr","p":{"a":0,"k":[193.045,289.004],"ix":2},"a":{"a":0,"k":[0,0],"ix":1},"s":{"a":0,"k":[100,100],"ix":3},"r":{"a":0,"k":0,"ix":6},"o":{"a":0,"k":100,"ix":7},"sk":{"a":0,"k":0,"ix":4},"sa":{"a":0,"k":0,"ix":5},"nm":"Transform"}],"nm":"Group 3","np":2,"cix":2,"bm":0,"ix":3,"mn":"ADBE Vector Group","hd":false}],"ip":44,"op":844,"st":0,"bm":0},{"ddd":0,"ind":2,"ty":3,"nm":"NULL","sr":1,"ks":{"o":{"a":0,"k":0,"ix":11},"r":{"a":0,"k":0,"ix":10},"p":{"a":0,"k":[215,252,0],"ix":2,"l":2},"a":{"a":0,"k":[50,50,0],"ix":1,"l":2},"s":{"a":1,"k":[{"i":{"x":[0.404,0.404,0.667],"y":[1,1,1]},"o":{"x":[0.439,0.439,0.333],"y":[0,0,0]},"t":32,"s":[116,116,100]},{"t":90,"s":[100,100,100]}],"ix":6,"l":2}},"ao":0,"ip":0,"op":300,"st":0,"bm":0},{"ddd":0,"ind":3,"ty":4,"nm":"Shape Layer 5","parent":9,"sr":1,"ks":{"o":{"a":0,"k":100,"ix":11},"r":{"a":0,"k":0,"ix":10},"p":{"a":0,"k":[0.1,0.05,0],"ix":2,"l":2},"a":{"a":0,"k":[0,0,0],"ix":1,"l":2},"s":{"a":0,"k":[100,100,100],"ix":6,"l":2}},"ao":0,"shapes":[{"ty":"gr","it":[{"ind":0,"ty":"sh","ix":1,"ks":{"a":1,"k":[{"i":{"x":0.833,"y":0.833},"o":{"x":0.167,"y":0.167},"t":15,"s":[{"i":[[26.84,12.484],[16,2]],"o":[[-21.5,-10],[-16.956,-2.12]],"v":[[22.5,118.5],[-22.5,109]],"c":false}]},{"i":{"x":0.833,"y":0.833},"o":{"x":0.167,"y":0.167},"t":20,"s":[{"i":[[27.468,9.048],[22.161,-0.076]],"o":[[-25.183,-8.415],[-16.854,-1.105]],"v":[[48.639,128.124],[-38.323,123.382]],"c":false}]},{"i":{"x":0.833,"y":0.833},"o":{"x":0.167,"y":0.167},"t":24,"s":[{"i":[[27.97,6.299],[27.089,-1.737]],"o":[[-28.129,-7.147],[-16.772,-0.293]],"v":[[61.451,127.723],[-50.982,130.388]],"c":false}]},{"i":{"x":0.833,"y":0.833},"o":{"x":0.167,"y":0.167},"t":25,"s":[{"i":[[28.096,5.612],[28.321,-2.152]],"o":[[-28.866,-6.83],[-16.752,-0.09]],"v":[[63.366,126.673],[-54.143,131.015]],"c":false}]},{"i":{"x":0.833,"y":0.833},"o":{"x":0.167,"y":0.167},"t":30,"s":[{"i":[[28.723,2.176],[34.482,-4.228]],"o":[[-32.549,-5.246],[-16.65,0.924]],"v":[[72.942,121.42],[-68.446,129.647]],"c":false}]},{"i":{"x":0.833,"y":0.833},"o":{"x":0.167,"y":0.167},"t":31.002,"s":[{"i":[[28.849,1.489],[35.714,-4.643]],"o":[[-33.286,-4.929],[-16.629,1.127]],"v":[[74.857,119.786],[-71.357,128.357]],"c":false}]},{"t":43,"s":[{"i":[[28.718,7.179],[46,-15.5]],"o":[[-52,-13],[-16.193,5.456]],"v":[[75,106],[-84,112.5]],"c":false}]}],"ix":2},"nm":"Path 1","mn":"ADBE Vector Shape - Group","hd":false},{"ty":"st","c":{"a":0,"k":[0,0.592,0.918,1],"ix":3,"x":"var $bm_rt;\n$bm_rt = comp('wired-outline-1331-repository').layer('control').effect('primary')('Color');"},"o":{"a":0,"k":100,"ix":4},"w":{"a":0,"k":12,"ix":5,"x":"var $bm_rt;\n$bm_rt = $bm_mul($bm_div(value, 2), comp('wired-outline-1331-repository').layer('control').effect('stroke')('Menu'));"},"lc":2,"lj":2,"bm":0,"nm":".primary","mn":"ADBE Vector Graphic - Stroke","hd":false,"cl":"primary"},{"ty":"tr","p":{"a":0,"k":[0,0],"ix":2},"a":{"a":0,"k":[0,0],"ix":1},"s":{"a":0,"k":[100,100],"ix":3},"r":{"a":0,"k":0,"ix":6},"o":{"a":0,"k":100,"ix":7},"sk":{"a":0,"k":0,"ix":4},"sa":{"a":0,"k":0,"ix":5},"nm":"Transform"}],"nm":"Shape 1","np":2,"cix":2,"bm":0,"ix":1,"mn":"ADBE Vector Group","hd":false}],"ip":15,"op":44,"st":0,"bm":0},{"ddd":0,"ind":4,"ty":4,"nm":"Shape Layer 2","parent":9,"sr":1,"ks":{"o":{"a":0,"k":100,"ix":11},"r":{"a":0,"k":0,"ix":10},"p":{"a":0,"k":[-0.4,88.55,0],"ix":2,"l":2},"a":{"a":0,"k":[-0.5,88.5,0],"ix":1,"l":2},"s":{"a":0,"k":[100,100,100],"ix":6,"l":2}},"ao":0,"shapes":[{"ty":"gr","it":[{"ind":0,"ty":"sh","ix":1,"ks":{"a":1,"k":[{"i":{"x":0.304,"y":1},"o":{"x":0.167,"y":0.167},"t":0,"s":[{"i":[[5.247,0],[0,-5.247],[-5.247,0],[0,5.247]],"o":[[-5.247,0],[0,5.247],[5.247,0],[0,-5.247]],"v":[[-14,103],[-23.5,112.5],[-14,122],[-4.5,112.5]],"c":true}]},{"t":60,"s":[{"i":[[64.893,0],[0,-64.893],[-64.893,0],[0,64.893]],"o":[[-64.893,0],[0,64.893],[64.893,0],[0,-64.893]],"v":[[0,-113.5],[-117.5,4],[0,121.5],[117.5,4]],"c":true}]}],"ix":2},"nm":"Path 1","mn":"ADBE Vector Shape - Group","hd":false},{"ty":"tm","s":{"a":1,"k":[{"i":{"x":[0.833],"y":[0.833]},"o":{"x":[0.167],"y":[0.167]},"t":5,"s":[0]},{"i":{"x":[0.618],"y":[0.717]},"o":{"x":[0.287],"y":[0.127]},"t":8,"s":[11]},{"i":{"x":[0.572],"y":[0.637]},"o":{"x":[0.248],"y":[0.339]},"t":14,"s":[16.501]},{"i":{"x":[0.63],"y":[0.714]},"o":{"x":[0.298],"y":[0.562]},"t":35,"s":[26.935]},{"i":{"x":[0.645],"y":[1]},"o":{"x":[0.312],"y":[0.307]},"t":49,"s":[30.067]},{"t":60,"s":[32]}],"ix":1},"e":{"a":1,"k":[{"i":{"x":[0.833],"y":[0.833]},"o":{"x":[0.167],"y":[0.167]},"t":5,"s":[100]},{"i":{"x":[0.618],"y":[0.772]},"o":{"x":[0.287],"y":[0.102]},"t":8,"s":[86]},{"i":{"x":[0.648],"y":[1.043]},"o":{"x":[0.315],"y":[-0.494]},"t":14,"s":[79.833]},{"i":{"x":[0.632],"y":[0.645]},"o":{"x":[0.3],"y":[0.04]},"t":17,"s":[81.007]},{"i":{"x":[0.627],"y":[0.773]},"o":{"x":[0.295],"y":[0.165]},"t":24,"s":[78.472]},{"i":{"x":[0.608],"y":[1]},"o":{"x":[0.278],"y":[0.578]},"t":35,"s":[71.582]},{"t":60,"s":[67]}],"ix":2},"o":{"a":0,"k":180,"ix":3},"m":1,"ix":2,"nm":"Trim Paths 1","mn":"ADBE Vector Filter - Trim","hd":false},{"ty":"st","c":{"a":0,"k":[0,0.592,0.918,1],"ix":3,"x":"var $bm_rt;\n$bm_rt = comp('wired-outline-1331-repository').layer('control').effect('primary')('Color');"},"o":{"a":0,"k":100,"ix":4},"w":{"a":0,"k":12,"ix":5,"x":"var $bm_rt;\n$bm_rt = $bm_mul($bm_div(value, 2), comp('wired-outline-1331-repository').layer('control').effect('stroke')('Menu'));"},"lc":2,"lj":2,"bm":0,"nm":".primary","mn":"ADBE Vector Graphic - Stroke","hd":false,"cl":"primary"},{"ty":"tr","p":{"a":0,"k":[13.5,-24],"ix":2},"a":{"a":0,"k":[0,0],"ix":1},"s":{"a":0,"k":[100,100],"ix":3},"r":{"a":0,"k":0,"ix":6},"o":{"a":0,"k":100,"ix":7},"sk":{"a":0,"k":0,"ix":4},"sa":{"a":0,"k":0,"ix":5},"nm":"Transform"}],"nm":"Ellipse 1","np":3,"cix":2,"bm":0,"ix":1,"mn":"ADBE Vector Group","hd":false}],"ip":1,"op":44,"st":0,"bm":0},{"ddd":0,"ind":5,"ty":4,"nm":"Shape Layer 4","parent":9,"sr":1,"ks":{"o":{"a":0,"k":100,"ix":11},"r":{"a":1,"k":[{"i":{"x":[0.328],"y":[1]},"o":{"x":[0.333],"y":[0]},"t":5,"s":[45]},{"t":65,"s":[0]}],"ix":10},"p":{"a":0,"k":[-0.4,88.55,0],"ix":2,"l":2},"a":{"a":0,"k":[-0.5,88.5,0],"ix":1,"l":2},"s":{"a":0,"k":[100,100,100],"ix":6,"l":2}},"ao":0,"shapes":[{"ty":"gr","it":[{"ind":0,"ty":"sh","ix":1,"ks":{"a":1,"k":[{"i":{"x":0.304,"y":1},"o":{"x":0.167,"y":0.167},"t":5,"s":[{"i":[[-5.247,0],[0,-5.247],[5.247,0],[0,5.247]],"o":[[5.247,0],[0,5.247],[-5.247,0],[0,-5.247]],"v":[[-14,103],[-4.5,112.5],[-14,122],[-23.5,112.5]],"c":true}]},{"t":65,"s":[{"i":[[-46.806,0],[0,-46.806],[46.806,0],[0,46.806]],"o":[[46.806,0],[0,46.806],[-46.806,0],[0,-46.806]],"v":[[76.75,-48],[161.5,36.75],[76.75,121.5],[-8,36.75]],"c":true}]}],"ix":2},"nm":"Path 1","mn":"ADBE Vector Shape - Group","hd":false},{"ty":"tm","s":{"a":1,"k":[{"i":{"x":[0.833],"y":[0.833]},"o":{"x":[0.167],"y":[0.167]},"t":21.002,"s":[0]},{"t":43,"s":[6]}],"ix":1},"e":{"a":1,"k":[{"i":{"x":[0.833],"y":[0.833]},"o":{"x":[0.167],"y":[0.167]},"t":14,"s":[58]},{"i":{"x":[0.833],"y":[0.833]},"o":{"x":[0.167],"y":[0.167]},"t":15,"s":[49.714]},{"i":{"x":[0.833],"y":[0.833]},"o":{"x":[0.167],"y":[0.167]},"t":21.002,"s":[42]},{"t":43,"s":[51]}],"ix":2},"o":{"a":0,"k":0,"ix":3},"m":1,"ix":2,"nm":"Trim Paths 1","mn":"ADBE Vector Filter - Trim","hd":false},{"ty":"st","c":{"a":0,"k":[0,0.592,0.918,1],"ix":3,"x":"var $bm_rt;\n$bm_rt = comp('wired-outline-1331-repository').layer('control').effect('primary')('Color');"},"o":{"a":0,"k":100,"ix":4},"w":{"a":0,"k":12,"ix":5,"x":"var $bm_rt;\n$bm_rt = $bm_mul($bm_div(value, 2), comp('wired-outline-1331-repository').layer('control').effect('stroke')('Menu'));"},"lc":2,"lj":2,"bm":0,"nm":".primary","mn":"ADBE Vector Graphic - Stroke","hd":false,"cl":"primary"},{"ty":"tr","p":{"a":0,"k":[13.5,-24],"ix":2},"a":{"a":0,"k":[0,0],"ix":1},"s":{"a":0,"k":[100,100],"ix":3},"r":{"a":0,"k":0,"ix":6},"o":{"a":0,"k":100,"ix":7},"sk":{"a":0,"k":0,"ix":4},"sa":{"a":0,"k":0,"ix":5},"nm":"Transform"}],"nm":"Ellipse 1","np":3,"cix":2,"bm":0,"ix":1,"mn":"ADBE Vector Group","hd":false}],"ip":5,"op":44,"st":5,"bm":0},{"ddd":0,"ind":6,"ty":4,"nm":"Shape Layer 3","parent":9,"sr":1,"ks":{"o":{"a":0,"k":100,"ix":11},"r":{"a":1,"k":[{"i":{"x":[0.328],"y":[1]},"o":{"x":[0.333],"y":[0]},"t":10,"s":[-45]},{"t":70,"s":[0]}],"ix":10},"p":{"a":0,"k":[-0.4,88.55,0],"ix":2,"l":2},"a":{"a":0,"k":[-0.5,88.5,0],"ix":1,"l":2},"s":{"a":0,"k":[100,100,100],"ix":6,"l":2}},"ao":0,"shapes":[{"ty":"gr","it":[{"ind":0,"ty":"sh","ix":1,"ks":{"a":1,"k":[{"i":{"x":0.304,"y":1},"o":{"x":0.167,"y":0.167},"t":10,"s":[{"i":[[-5.247,0],[0,-5.247],[5.247,0],[0,5.247]],"o":[[5.247,0],[0,5.247],[-5.247,0],[0,-5.247]],"v":[[-14,103],[-4.5,112.5],[-14,122],[-23.5,112.5]],"c":true}]},{"t":70,"s":[{"i":[[-37.417,0],[0,-37.417],[37.417,0],[0,37.417]],"o":[[37.417,0],[0,37.417],[-37.417,0],[0,-37.417]],"v":[[-121.25,-14],[-53.5,53.75],[-121.25,121.5],[-189,53.75]],"c":true}]}],"ix":2},"nm":"Path 1","mn":"ADBE Vector Shape - Group","hd":false},{"ty":"tm","s":{"a":1,"k":[{"i":{"x":[0.833],"y":[0.833]},"o":{"x":[0.167],"y":[0.167]},"t":10,"s":[72]},{"i":{"x":[0.833],"y":[0.833]},"o":{"x":[0.167],"y":[0.167]},"t":14,"s":[46]},{"i":{"x":[0.833],"y":[0.833]},"o":{"x":[0.167],"y":[0.167]},"t":15,"s":[63]},{"i":{"x":[0.833],"y":[0.833]},"o":{"x":[0.167],"y":[0.167]},"t":16.002,"s":[60]},{"i":{"x":[0.833],"y":[0.833]},"o":{"x":[0.167],"y":[0.167]},"t":24,"s":[60]},{"t":43,"s":[48]}],"ix":1},"e":{"a":0,"k":92,"ix":2},"o":{"a":0,"k":0,"ix":3},"m":1,"ix":2,"nm":"Trim Paths 1","mn":"ADBE Vector Filter - Trim","hd":false},{"ty":"st","c":{"a":0,"k":[0,0.592,0.918,1],"ix":3,"x":"var $bm_rt;\n$bm_rt = comp('wired-outline-1331-repository').layer('control').effect('primary')('Color');"},"o":{"a":0,"k":100,"ix":4},"w":{"a":0,"k":12,"ix":5,"x":"var $bm_rt;\n$bm_rt = $bm_mul($bm_div(value, 2), comp('wired-outline-1331-repository').layer('control').effect('stroke')('Menu'));"},"lc":2,"lj":2,"bm":0,"nm":".primary","mn":"ADBE Vector Graphic - Stroke","hd":false,"cl":"primary"},{"ty":"tr","p":{"a":0,"k":[13.5,-24],"ix":2},"a":{"a":0,"k":[0,0],"ix":1},"s":{"a":0,"k":[100,100],"ix":3},"r":{"a":0,"k":0,"ix":6},"o":{"a":0,"k":100,"ix":7},"sk":{"a":0,"k":0,"ix":4},"sa":{"a":0,"k":0,"ix":5},"nm":"Transform"}],"nm":"Ellipse 1","np":3,"cix":2,"bm":0,"ix":1,"mn":"ADBE Vector Group","hd":false}],"ip":10,"op":44,"st":10,"bm":0},{"ddd":0,"ind":7,"ty":4,"nm":"Shape Layer 1","parent":9,"sr":1,"ks":{"o":{"a":0,"k":100,"ix":11},"r":{"a":1,"k":[{"i":{"x":[0.328],"y":[1]},"o":{"x":[0.333],"y":[0]},"t":5,"s":[-45]},{"t":65,"s":[0]}],"ix":10},"p":{"a":0,"k":[-0.4,88.55,0],"ix":2,"l":2},"a":{"a":0,"k":[-0.5,88.5,0],"ix":1,"l":2},"s":{"a":0,"k":[100,100,100],"ix":6,"l":2}},"ao":0,"shapes":[{"ty":"gr","it":[{"ind":0,"ty":"sh","ix":1,"ks":{"a":1,"k":[{"i":{"x":0.304,"y":1},"o":{"x":0.167,"y":0.167},"t":5,"s":[{"i":[[-5.247,0],[0,-5.247],[5.247,0],[0,5.247]],"o":[[5.247,0],[0,5.247],[-5.247,0],[0,-5.247]],"v":[[-14,103],[-4.5,112.5],[-14,122],[-23.5,112.5]],"c":true}]},{"t":65,"s":[{"i":[[-19.744,0],[0,-19.744],[19.744,0],[0,19.744]],"o":[[19.744,0],[0,19.744],[-19.744,0],[0,-19.744]],"v":[[-117,-51.5],[-81.25,-15.75],[-117,20],[-152.75,-15.75]],"c":true}]}],"ix":2},"nm":"Path 1","mn":"ADBE Vector Shape - Group","hd":false},{"ty":"tm","s":{"a":1,"k":[{"i":{"x":[0.833],"y":[0.833]},"o":{"x":[0.167],"y":[0.167]},"t":9,"s":[0]},{"i":{"x":[0.833],"y":[0.833]},"o":{"x":[0.167],"y":[0.167]},"t":22,"s":[5]},{"i":{"x":[0.833],"y":[0.833]},"o":{"x":[0.167],"y":[0.167]},"t":38,"s":[15.381]},{"t":43,"s":[16]}],"ix":1},"e":{"a":1,"k":[{"i":{"x":[0.833],"y":[0.833]},"o":{"x":[0.167],"y":[0.167]},"t":9,"s":[100]},{"i":{"x":[0.833],"y":[0.833]},"o":{"x":[0.167],"y":[0.167]},"t":17,"s":[62.692]},{"i":{"x":[0.833],"y":[0.833]},"o":{"x":[0.167],"y":[0.167]},"t":22,"s":[67]},{"i":{"x":[0.833],"y":[0.833]},"o":{"x":[0.167],"y":[0.167]},"t":38,"s":[59.905]},{"t":43,"s":[59]}],"ix":2},"o":{"a":0,"k":175,"ix":3},"m":1,"ix":2,"nm":"Trim Paths 1","mn":"ADBE Vector Filter - Trim","hd":false},{"ty":"st","c":{"a":0,"k":[0,0.592,0.918,1],"ix":3,"x":"var $bm_rt;\n$bm_rt = comp('wired-outline-1331-repository').layer('control').effect('primary')('Color');"},"o":{"a":0,"k":100,"ix":4},"w":{"a":0,"k":12,"ix":5,"x":"var $bm_rt;\n$bm_rt = $bm_mul($bm_div(value, 2), comp('wired-outline-1331-repository').layer('control').effect('stroke')('Menu'));"},"lc":2,"lj":2,"bm":0,"nm":".primary","mn":"ADBE Vector Graphic - Stroke","hd":false,"cl":"primary"},{"ty":"tr","p":{"a":0,"k":[13.5,-24],"ix":2},"a":{"a":0,"k":[0,0],"ix":1},"s":{"a":0,"k":[100,100],"ix":3},"r":{"a":0,"k":0,"ix":6},"o":{"a":0,"k":100,"ix":7},"sk":{"a":0,"k":0,"ix":4},"sa":{"a":0,"k":0,"ix":5},"nm":"Transform"}],"nm":"Ellipse 1","np":3,"cix":2,"bm":0,"ix":1,"mn":"ADBE Vector Group","hd":false}],"ip":5,"op":44,"st":5,"bm":0},{"ddd":0,"ind":8,"ty":4,"nm":"Vector 3","parent":9,"sr":1,"ks":{"o":{"a":0,"k":100,"ix":11},"r":{"a":0,"k":0,"ix":10},"p":{"a":0,"k":[13.999,-14.15,0],"ix":2,"l":2},"a":{"a":0,"k":[0,0,0],"ix":1,"l":2},"s":{"a":0,"k":[100,100,100],"ix":6,"l":2}},"ao":0,"shapes":[{"ty":"gr","it":[{"ind":0,"ty":"sh","ix":1,"ks":{"a":1,"k":[{"i":{"x":0.833,"y":0.833},"o":{"x":0.167,"y":0.167},"t":0,"s":[{"i":[[-18.159,-41.029],[0,-16.444],[77.09,1.054],[33.178,103.273],[16.429,0]],"o":[[6.272,14.172],[0,0],[-46.311,-0.633],[-4.703,-14.638],[0,0]],"v":[[107.217,-32.771],[116.967,13.489],[40.129,95.53],[-81.895,-16.421],[-116.9,-41.696]],"c":false}]},{"i":{"x":0.833,"y":0.833},"o":{"x":0.167,"y":0.167},"t":35,"s":[{"i":[[-12.285,-34.18],[1.727,-12.962],[68.514,0.341],[28.357,75.376],[11.491,3.045]],"o":[[4.243,11.806],[0,0],[-41.209,-0.205],[-4.459,-11.852],[0,0]],"v":[[100.015,14.671],[104.067,52.123],[29.004,114.011],[-81.445,32.35],[-105.4,11.928]],"c":false}]},{"i":{"x":0.19,"y":1},"o":{"x":0.167,"y":0.167},"t":42.5,"s":[{"i":[[-18.203,-37.899],[0,-15.189],[77.277,0.973],[33.258,95.394],[12,2.845]],"o":[[6.287,13.09],[0,0],[-46.424,-0.585],[-4.714,-13.521],[0,0]],"v":[[105.632,-11.078],[115.406,31.652],[37.511,109.611],[-84.81,6.201],[-108.4,-14.145]],"c":false}]},{"t":70,"s":[{"i":[[-18.159,-41.029],[0,-16.444],[77.09,1.054],[33.178,103.273],[16.429,0]],"o":[[6.272,14.172],[0,0],[-46.311,-0.633],[-4.703,-14.638],[0,0]],"v":[[107.217,-32.771],[116.967,13.489],[40.129,95.53],[-81.895,-16.421],[-116.9,-41.696]],"c":false}]}],"ix":2},"nm":"Path 1","mn":"ADBE Vector Shape - Group","hd":false},{"ty":"mm","mm":1,"nm":"Merge Paths 1","mn":"ADBE Vector Filter - Merge","hd":false},{"ty":"st","c":{"a":0,"k":[0,0.592,0.918,1],"ix":3,"x":"var $bm_rt;\n$bm_rt = comp('wired-outline-1331-repository').layer('control').effect('primary')('Color');"},"o":{"a":0,"k":100,"ix":4},"w":{"a":0,"k":12,"ix":5,"x":"var $bm_rt;\n$bm_rt = $bm_mul($bm_div(value, 2), comp('wired-outline-1331-repository').layer('control').effect('stroke')('Menu'));"},"lc":2,"lj":2,"bm":0,"nm":".primary","mn":"ADBE Vector Graphic - Stroke","hd":false,"cl":"primary"},{"ty":"tm","s":{"a":1,"k":[{"i":{"x":[0.08],"y":[1]},"o":{"x":[0.167],"y":[0.167]},"t":35,"s":[10.246]},{"t":90,"s":[0]}],"ix":1},"e":{"a":1,"k":[{"i":{"x":[0.08],"y":[1]},"o":{"x":[0.167],"y":[0.167]},"t":35,"s":[9.658]},{"t":90,"s":[30]}],"ix":2},"o":{"a":0,"k":-40,"ix":3},"m":1,"ix":4,"nm":"Trim Paths 1","mn":"ADBE Vector Filter - Trim","hd":false},{"ty":"tr","p":{"a":0,"k":[0,-20],"ix":2},"a":{"a":0,"k":[0,0],"ix":1},"s":{"a":0,"k":[100,100],"ix":3},"r":{"a":0,"k":0,"ix":6},"o":{"a":0,"k":100,"ix":7},"sk":{"a":0,"k":0,"ix":4},"sa":{"a":0,"k":0,"ix":5},"nm":"Transform"}],"nm":"Vector","np":4,"cix":2,"bm":0,"ix":1,"mn":"ADBE Vector Group","hd":false}],"ip":35,"op":600,"st":0,"bm":0},{"ddd":0,"ind":9,"ty":4,"nm":"cloud","parent":2,"sr":1,"ks":{"o":{"a":0,"k":100,"ix":11},"r":{"a":0,"k":0,"ix":10},"p":{"a":0,"k":[49.9,33.45,0],"ix":2,"l":2},"a":{"a":0,"k":[0,0,0],"ix":1,"l":2},"s":{"a":0,"k":[100,100,100],"ix":6,"l":2}},"ao":0,"shapes":[{"ty":"gr","it":[{"ind":0,"ty":"sh","ix":1,"ks":{"a":1,"k":[{"i":{"x":0.28,"y":1},"o":{"x":0,"y":0},"t":43,"s":[{"i":[[-47.901,-0.694],[-13.5,-40.4],[0,-32.35],[45.85,-2.6],[38.119,0],[23.234,-0.081],[0,32.192],[-18.566,9.794],[0,2.7],[-20.2,0],[-3.6,-1.2]],"o":[[65.601,0.95],[19.25,7.35],[0,46.8],[-22.364,1.268],[-50.248,0],[-32.192,0.111],[0,-22.398],[-9.184,-5.383],[0,-20.2],[3.9,0],[13.8,-45.8]],"v":[[13.249,-105.4],[122.099,-20.3],[165.549,45.4],[89.999,126.4],[13.099,117.65],[-99.134,133.381],[-157.472,75.043],[-128.216,24.434],[-139.101,4.4],[-105.001,-30.2],[-93.701,-28.4]],"c":true}]},{"t":70,"s":[{"i":[[-45.4,0],[-17.9,-42.1],[0.2,-35.9],[46.9,0],[33.727,0],[12.219,0],[0,37.8],[-21.8,11.5],[0,2.7],[-20.2,0],[-3.6,-1.2]],"o":[[48.6,0],[31.5,12.4],[0,46.8],[-4.94,0],[-52.294,0],[-37.8,0],[0,-26.3],[-0.6,-2.6],[0,-20.2],[3.9,0],[19.7,-37.7]],"v":[[13.099,-117.65],[121.399,-46.05],[175.099,32.85],[90.299,117.65],[23.388,117.65],[-106.601,117.65],[-175.101,49.15],[-138.401,-11.45],[-139.301,-19.35],[-102.701,-55.95],[-91.401,-54.15]],"c":true}]}],"ix":2},"nm":"Path 1","mn":"ADBE Vector Shape - Group","hd":false},{"ty":"st","c":{"a":0,"k":[0,0.592,0.918,1],"ix":3,"x":"var $bm_rt;\n$bm_rt = comp('wired-outline-1331-repository').layer('control').effect('primary')('Color');"},"o":{"a":0,"k":100,"ix":4},"w":{"a":0,"k":12,"ix":5,"x":"var $bm_rt;\n$bm_rt = $bm_mul($bm_div(value, 2), comp('wired-outline-1331-repository').layer('control').effect('stroke')('Menu'));"},"lc":2,"lj":2,"bm":0,"nm":".primary","mn":"ADBE Vector Graphic - Stroke","hd":false,"cl":"primary"},{"ty":"tr","p":{"a":0,"k":[0,-20],"ix":2},"a":{"a":0,"k":[0,0],"ix":1},"s":{"a":0,"k":[100,100],"ix":3},"r":{"a":0,"k":0,"ix":6},"o":{"a":0,"k":100,"ix":7},"sk":{"a":0,"k":0,"ix":4},"sa":{"a":0,"k":0,"ix":5},"nm":"Transform"}],"nm":"Vector","np":2,"cix":2,"bm":0,"ix":1,"mn":"ADBE Vector Group","hd":false}],"ip":43,"op":600,"st":0,"bm":0}]},{"id":"comp_1","nm":"hover-pinch","fr":60,"layers":[{"ddd":0,"ind":1,"ty":4,"nm":"outline 2","parent":4,"sr":1,"ks":{"o":{"a":0,"k":100,"ix":11},"r":{"a":0,"k":0,"ix":10},"p":{"a":0,"k":[2,11.18,0],"ix":2,"l":2},"a":{"a":0,"k":[257.001,289.004,0],"ix":1,"l":2},"s":{"a":0,"k":[28.571,28.571,100],"ix":6,"l":2}},"ao":0,"shapes":[{"ty":"gr","it":[{"ind":0,"ty":"sh","ix":1,"ks":{"a":0,"k":{"i":[[0,0],[0,0]],"o":[[0,0],[0,0]],"v":[[8.828,-27.245],[-8.828,27.245]],"c":false},"ix":2},"nm":"Path 1","mn":"ADBE Vector Shape - Group","hd":false},{"ty":"st","c":{"a":0,"k":[0,0.592,0.918,1],"ix":3,"x":"var $bm_rt;\n$bm_rt = comp('wired-outline-1331-repository').layer('control').effect('secondary')('Color');"},"o":{"a":0,"k":100,"ix":4},"w":{"a":0,"k":12.04,"ix":5,"x":"var $bm_rt;\n$bm_rt = $bm_mul($bm_div(value, 2), comp('wired-outline-1331-repository').layer('control').effect('stroke')('Menu'));"},"lc":2,"lj":2,"bm":0,"nm":".secondary","mn":"ADBE Vector Graphic - Stroke","hd":false,"cl":"secondary"},{"ty":"tr","p":{"a":0,"k":[256.595,289.004],"ix":2},"a":{"a":0,"k":[0,0],"ix":1},"s":{"a":0,"k":[100,100],"ix":3},"r":{"a":1,"k":[{"i":{"x":[0.35],"y":[1]},"o":{"x":[0.176],"y":[0]},"t":0,"s":[0]},{"t":60,"s":[180]}],"ix":6},"o":{"a":0,"k":100,"ix":7},"sk":{"a":0,"k":0,"ix":4},"sa":{"a":0,"k":0,"ix":5},"nm":"Transform"}],"nm":"Group 1","np":2,"cix":2,"bm":0,"ix":1,"mn":"ADBE Vector Group","hd":false},{"ty":"gr","it":[{"ind":0,"ty":"sh","ix":1,"ks":{"a":1,"k":[{"i":{"x":0.667,"y":1},"o":{"x":0.333,"y":0},"t":0,"s":[{"i":[[0,0],[0,0],[0,0]],"o":[[0,0],[0,0],[0,0]],"v":[[-18.488,-27.245],[18.488,0],[-18.488,27.245]],"c":false}]},{"i":{"x":0.35,"y":1},"o":{"x":0.333,"y":0},"t":20,"s":[{"i":[[0,0],[0,0],[0,0]],"o":[[0,0],[0,0],[0,0]],"v":[[-8.488,-27.245],[28.488,0],[-8.488,27.245]],"c":false}]},{"t":60,"s":[{"i":[[0,0],[0,0],[0,0]],"o":[[0,0],[0,0],[0,0]],"v":[[-18.488,-27.245],[18.488,0],[-18.488,27.245]],"c":false}]}],"ix":2},"nm":"Path 1","mn":"ADBE Vector Shape - Group","hd":false},{"ty":"st","c":{"a":0,"k":[0,0.592,0.918,1],"ix":3,"x":"var $bm_rt;\n$bm_rt = comp('wired-outline-1331-repository').layer('control').effect('secondary')('Color');"},"o":{"a":0,"k":100,"ix":4},"w":{"a":0,"k":12.04,"ix":5,"x":"var $bm_rt;\n$bm_rt = $bm_mul($bm_div(value, 2), comp('wired-outline-1331-repository').layer('control').effect('stroke')('Menu'));"},"lc":2,"lj":2,"bm":0,"nm":".secondary","mn":"ADBE Vector Graphic - Stroke","hd":false,"cl":"secondary"},{"ty":"tr","p":{"a":0,"k":[320.957,289.004],"ix":2},"a":{"a":0,"k":[0,0],"ix":1},"s":{"a":0,"k":[100,100],"ix":3},"r":{"a":0,"k":0,"ix":6},"o":{"a":0,"k":100,"ix":7},"sk":{"a":0,"k":0,"ix":4},"sa":{"a":0,"k":0,"ix":5},"nm":"Transform"}],"nm":"Group 2","np":2,"cix":2,"bm":0,"ix":2,"mn":"ADBE Vector Group","hd":false},{"ty":"gr","it":[{"ind":0,"ty":"sh","ix":1,"ks":{"a":1,"k":[{"i":{"x":0.667,"y":1},"o":{"x":0.333,"y":0},"t":0,"s":[{"i":[[0,0],[0,0],[0,0]],"o":[[0,0],[0,0],[0,0]],"v":[[18.488,-27.245],[-18.488,0],[18.488,27.245]],"c":false}]},{"i":{"x":0.35,"y":1},"o":{"x":0.333,"y":0},"t":20,"s":[{"i":[[0,0],[0,0],[0,0]],"o":[[0,0],[0,0],[0,0]],"v":[[8.488,-27.245],[-28.488,0],[8.488,27.245]],"c":false}]},{"t":60,"s":[{"i":[[0,0],[0,0],[0,0]],"o":[[0,0],[0,0],[0,0]],"v":[[18.488,-27.245],[-18.488,0],[18.488,27.245]],"c":false}]}],"ix":2},"nm":"Path 1","mn":"ADBE Vector Shape - Group","hd":false},{"ty":"st","c":{"a":0,"k":[0,0.592,0.918,1],"ix":3,"x":"var $bm_rt;\n$bm_rt = comp('wired-outline-1331-repository').layer('control').effect('secondary')('Color');"},"o":{"a":0,"k":100,"ix":4},"w":{"a":0,"k":12.04,"ix":5,"x":"var $bm_rt;\n$bm_rt = $bm_mul($bm_div(value, 2), comp('wired-outline-1331-repository').layer('control').effect('stroke')('Menu'));"},"lc":2,"lj":2,"bm":0,"nm":".secondary","mn":"ADBE Vector Graphic - Stroke","hd":false,"cl":"secondary"},{"ty":"tr","p":{"a":0,"k":[193.045,289.004],"ix":2},"a":{"a":0,"k":[0,0],"ix":1},"s":{"a":0,"k":[100,100],"ix":3},"r":{"a":0,"k":0,"ix":6},"o":{"a":0,"k":100,"ix":7},"sk":{"a":0,"k":0,"ix":4},"sa":{"a":0,"k":0,"ix":5},"nm":"Transform"}],"nm":"Group 3","np":2,"cix":2,"bm":0,"ix":3,"mn":"ADBE Vector Group","hd":false}],"ip":0,"op":844,"st":0,"bm":0},{"ddd":0,"ind":2,"ty":4,"nm":"Warstwa 5","parent":4,"sr":1,"ks":{"o":{"a":0,"k":100,"ix":11},"r":{"a":0,"k":0,"ix":10},"p":{"a":0,"k":[4.01,-2.668,0],"ix":2,"l":2},"a":{"a":0,"k":[4.01,-2.668,0],"ix":1,"l":2},"s":{"a":0,"k":[100,100,100],"ix":6,"l":2}},"ao":0,"shapes":[{"ty":"gr","it":[{"ind":0,"ty":"sh","ix":1,"ks":{"a":0,"k":{"i":[[-5.18,-11.896],[0,-4.768],[21.991,0.306],[9.464,29.943],[4.687,0]],"o":[[1.789,4.109],[0,0],[-13.211,-0.184],[-1.342,-4.244],[0,0]],"v":[[34.586,-13.412],[37.367,0],[15.448,23.787],[-19.361,-8.672],[-29.347,-16]],"c":false},"ix":2},"nm":"Path 1","mn":"ADBE Vector Shape - Group","hd":false},{"ty":"st","c":{"a":0,"k":[0,0.592,0.918,1],"ix":3,"x":"var $bm_rt;\n$bm_rt = comp('wired-outline-1331-repository').layer('control').effect('primary')('Color');"},"o":{"a":0,"k":100,"ix":4},"w":{"a":0,"k":3.5,"ix":5,"x":"var $bm_rt;\n$bm_rt = $bm_mul($bm_div(value, 2), comp('wired-outline-1331-repository').layer('control').effect('stroke')('Menu'));"},"lc":2,"lj":2,"bm":0,"nm":".primary","mn":"ADBE Vector Graphic - Stroke","hd":false,"cl":"primary"},{"ty":"tr","p":{"a":0,"k":[0,0],"ix":2},"a":{"a":0,"k":[0,0],"ix":1},"s":{"a":0,"k":[100,100],"ix":3},"r":{"a":0,"k":0,"ix":6},"o":{"a":0,"k":100,"ix":7},"sk":{"a":0,"k":0,"ix":4},"sa":{"a":0,"k":0,"ix":5},"nm":"Transform"}],"nm":"Group 1","np":2,"cix":2,"bm":0,"ix":1,"mn":"ADBE Vector Group","hd":false},{"ty":"tm","s":{"a":0,"k":0,"ix":1},"e":{"a":0,"k":30,"ix":2},"o":{"a":1,"k":[{"i":{"x":[0.667],"y":[1]},"o":{"x":[0.167],"y":[0.167]},"t":0,"s":[-40]},{"i":{"x":[0.06],"y":[1]},"o":{"x":[0.333],"y":[0]},"t":20,"s":[-62]},{"t":60,"s":[-40]}],"ix":3},"m":1,"ix":2,"nm":"Trim Paths 1","mn":"ADBE Vector Filter - Trim","hd":false}],"ip":0,"op":300,"st":0,"bm":0},{"ddd":0,"ind":3,"ty":4,"nm":"Warstwa 6","sr":1,"ks":{"o":{"a":0,"k":100,"ix":11},"r":{"a":0,"k":0,"ix":10},"p":{"a":1,"k":[{"i":{"x":0.667,"y":1},"o":{"x":0.167,"y":0.167},"t":0,"s":[215,214.875,0],"to":[1.021,0,0],"ti":[0,0,0]},{"i":{"x":0.689,"y":1},"o":{"x":0.333,"y":0},"t":20,"s":[221.125,214.875,0],"to":[0,0,0],"ti":[1.021,0,0]},{"t":60,"s":[215,214.875,0]}],"ix":2,"l":2},"a":{"a":0,"k":[0,0,0],"ix":1,"l":2},"s":{"a":0,"k":[350,350,100],"ix":6,"l":2}},"ao":0,"shapes":[{"ty":"gr","it":[{"ind":0,"ty":"sh","ix":1,"ks":{"a":0,"k":{"i":[[9.005,3.538],[13.892,0],[5.603,-10.775],[1.129,0],[0,-5.779],[-0.159,-0.726],[0,-7.526],[-10.814,0],[-3.606,0],[0,13.388]],"o":[[-5.127,-12.019],[-12.984,0],[-1.018,-0.331],[-5.779,0],[0,0.774],[-6.227,3.278],[0,10.814],[5.733,0],[13.388,0],[0,-10.261]],"v":[[34.663,-13.18],[3.722,-33.625],[-26.122,-15.486],[-29.354,-16],[-39.817,-5.536],[-39.568,-3.284],[-50.047,14.044],[-30.466,33.625],[25.805,33.625],[50.047,9.384]],"c":true},"ix":2},"nm":"Path 1","mn":"ADBE Vector Shape - Group","hd":false},{"ty":"st","c":{"a":0,"k":[0,0.592,0.918,1],"ix":3,"x":"var $bm_rt;\n$bm_rt = comp('wired-outline-1331-repository').layer('control').effect('primary')('Color');"},"o":{"a":0,"k":100,"ix":4},"w":{"a":0,"k":3.5,"ix":5,"x":"var $bm_rt;\n$bm_rt = $bm_mul($bm_div(value, 2), comp('wired-outline-1331-repository').layer('control').effect('stroke')('Menu'));"},"lc":2,"lj":2,"bm":0,"nm":".primary","mn":"ADBE Vector Graphic - Stroke","hd":false,"cl":"primary"},{"ty":"tr","p":{"a":0,"k":[0,0],"ix":2},"a":{"a":0,"k":[0,0],"ix":1},"s":{"a":0,"k":[100,100],"ix":3},"r":{"a":0,"k":0,"ix":6},"o":{"a":0,"k":100,"ix":7},"sk":{"a":0,"k":0,"ix":4},"sa":{"a":0,"k":0,"ix":5},"nm":"Transform"}],"nm":"Group 1","np":2,"cix":2,"bm":0,"ix":1,"mn":"ADBE Vector Group","hd":false}],"ip":0,"op":300,"st":0,"bm":0},{"ddd":0,"ind":4,"ty":3,"nm":"Warstwa 2","sr":1,"ks":{"o":{"a":0,"k":100,"ix":11},"r":{"a":0,"k":0,"ix":10},"p":{"a":1,"k":[{"i":{"x":0.667,"y":1},"o":{"x":0.167,"y":0.167},"t":0,"s":[215,214.875,0],"to":[1.021,0,0],"ti":[0,0,0]},{"i":{"x":0.689,"y":1},"o":{"x":0.333,"y":0},"t":20,"s":[221.125,214.875,0],"to":[0,0,0],"ti":[1.021,0,0]},{"t":60,"s":[215,214.875,0]}],"ix":2,"l":2},"a":{"a":0,"k":[0,0,0],"ix":1,"l":2},"s":{"a":0,"k":[350,350,100],"ix":6,"l":2}},"ao":0,"ip":0,"op":300,"st":0,"bm":0}]}],"layers":[{"ddd":0,"ind":1,"ty":3,"nm":"control","sr":1,"ks":{"o":{"a":0,"k":0,"ix":11},"r":{"a":0,"k":0,"ix":10},"p":{"a":0,"k":[0,0],"ix":2,"l":2},"a":{"a":0,"k":[0,0,0],"ix":1,"l":2},"s":{"a":0,"k":[100,100,100],"ix":6,"l":2}},"ao":0,"ef":[{"ty":5,"nm":"stroke","np":3,"mn":"Pseudo/@@/yUYgjbDR66bZQrH0faJXg","ix":1,"en":1,"ef":[{"ty":7,"nm":"Menu","mn":"Pseudo/@@/yUYgjbDR66bZQrH0faJXg-0001","ix":1,"v":{"a":0,"k":2,"ix":1}}]},{"ty":5,"nm":"primary","np":3,"mn":"ADBE Color Control","ix":2,"en":1,"ef":[{"ty":2,"nm":"Color","mn":"ADBE Color Control-0001","ix":1,"v":{"a":0,"k":[0,0.592,0.918],"ix":1}}]},{"ty":5,"nm":"secondary","np":3,"mn":"ADBE Color Control","ix":3,"en":1,"ef":[{"ty":2,"nm":"Color","mn":"ADBE Color Control-0001","ix":1,"v":{"a":0,"k":[0,0.592,0.918],"ix":1}}]}],"ip":0,"op":163,"st":0,"bm":0},{"ddd":0,"ind":2,"ty":0,"nm":"in-reveal","refId":"comp_0","sr":1,"ks":{"o":{"a":0,"k":100,"ix":11},"r":{"a":0,"k":0,"ix":10},"p":{"a":0,"k":[215,215,0],"ix":2,"l":2},"a":{"a":0,"k":[215,215,0],"ix":1,"l":2},"s":{"a":0,"k":[100,100,100],"ix":6,"l":2}},"ao":0,"w":430,"h":430,"ip":0,"op":102,"st":0,"bm":0},{"ddd":0,"ind":3,"ty":0,"nm":"hover-pinch","refId":"comp_1","sr":1,"ks":{"o":{"a":0,"k":100,"ix":11},"r":{"a":0,"k":0,"ix":10},"p":{"a":0,"k":[215,215,0],"ix":2,"l":2},"a":{"a":0,"k":[215,215,0],"ix":1,"l":2},"s":{"a":0,"k":[100,100,100],"ix":6,"l":2}},"ao":0,"w":430,"h":430,"ip":102,"op":172,"st":102,"bm":0}],"markers":[{"tm":0,"cm":"in-reveal","dr":92},{"tm":102,"cm":"default:hover-pinch","dr":60}]}