{"v":"5.12.1","fr":60,"ip":70,"op":202.5,"w":430,"h":430,"nm":"wired-outline-243-glasses","ddd":0,"assets":[{"id":"comp_0","nm":"in-reveal","fr":60,"layers":[{"ddd":0,"ind":1,"ty":4,"nm":"Warstwa 2","sr":1,"ks":{"o":{"a":0,"k":100,"ix":11},"r":{"a":0,"k":0,"ix":10},"p":{"a":0,"k":[215,215,0],"ix":2,"l":2},"a":{"a":0,"k":[0,0,0],"ix":1,"l":2},"s":{"a":0,"k":[420,420,100],"ix":6,"l":2}},"ao":0,"shapes":[{"ty":"gr","it":[{"ind":0,"ty":"sh","ix":1,"ks":{"a":1,"k":[{"i":{"x":0.833,"y":0.833},"o":{"x":0.167,"y":0.167},"t":0,"s":[{"i":[[0,0],[0,0]],"o":[[0,0],[0,0]],"v":[[0.213,-0.157],[0.238,-0.157]],"c":false}]},{"i":{"x":0.833,"y":0.833},"o":{"x":0.167,"y":0.167},"t":10,"s":[{"i":[[0,0],[0,0]],"o":[[0,0],[0,0]],"v":[[13.636,-0.158],[14.524,-0.158]],"c":false}]},{"i":{"x":0.31,"y":1},"o":{"x":0.167,"y":0.167},"t":23,"s":[{"i":[[0,0],[0,0]],"o":[[0,0],[0,0]],"v":[[24.401,-0.167],[29.711,-0.173]],"c":false}]},{"t":60,"s":[{"i":[[0,0],[0,0]],"o":[[0,0],[0,0]],"v":[[38.555,0.125],[42.555,0.125]],"c":false}]}],"ix":2},"nm":"Path 4","mn":"ADBE Vector Shape - Group","hd":false},{"ind":1,"ty":"sh","ix":2,"ks":{"a":1,"k":[{"i":{"x":0.833,"y":0.833},"o":{"x":0.167,"y":0.167},"t":0,"s":[{"i":[[0,0],[0,0]],"o":[[0,0],[0,0]],"v":[[-0.003,-0.157],[0.023,-0.157]],"c":false}]},{"i":{"x":0.833,"y":0.833},"o":{"x":0.167,"y":0.167},"t":10,"s":[{"i":[[0,0],[0,0]],"o":[[0,0],[0,0]],"v":[[-14.884,-0.158],[-13.719,-0.158]],"c":false}]},{"i":{"x":0.31,"y":1},"o":{"x":0.167,"y":0.167},"t":23,"s":[{"i":[[0,0],[0,0]],"o":[[0,0],[0,0]],"v":[[-31.009,-0.113],[-24.152,-0.107]],"c":false}]},{"t":60,"s":[{"i":[[0,0],[0,0]],"o":[[0,0],[0,0]],"v":[[-42.32,0.125],[-38.32,0.125]],"c":false}]}],"ix":2},"nm":"Path 5","mn":"ADBE Vector Shape - Group","hd":false},{"ind":2,"ty":"sh","ix":3,"ks":{"a":1,"k":[{"i":{"x":0.833,"y":0.833},"o":{"x":0.167,"y":0.167},"t":0,"s":[{"i":[[-0.018,0],[0.018,0],[0.021,0],[-0.018,0]],"o":[[-0.018,0],[-0.018,0],[0.021,0],[0.018,0]],"v":[[0.087,-0.157],[0.055,-0.158],[0.023,-0.157],[0.055,-0.157]],"c":true}]},{"i":{"x":0.833,"y":0.833},"o":{"x":0.167,"y":0.167},"t":10,"s":[{"i":[[0,0],[0,0],[5.717,0],[0,0]],"o":[[0,0],[0,0],[5.717,0],[0,0]],"v":[[-0.226,-0.127],[-0.226,-0.128],[-13.712,-0.157],[-0.226,-0.128]],"c":true}]},{"i":{"x":0.833,"y":0.833},"o":{"x":0.167,"y":0.167},"t":18,"s":[{"i":[[0,-2.878],[4.017,0],[6.727,0],[-4.017,0]],"o":[[0,2.538],[-4.017,0],[6.727,0],[4.017,0]],"v":[[-0.97,-0.157],[-6.576,6.828],[-20.131,-0.157],[-6.576,-7.095]],"c":true}]},{"i":{"x":0.833,"y":0.833},"o":{"x":0.167,"y":0.167},"t":23,"s":[{"i":[[0,-4.98],[6.258,0],[7.358,0],[-6.258,0]],"o":[[0,4.782],[-6.258,0],[7.358,0],[6.258,0]],"v":[[-1.482,-0.199],[-10.075,9.37],[-24.144,-0.157],[-10.075,-9.72]],"c":true}]},{"i":{"x":0.31,"y":1},"o":{"x":0.167,"y":0.167},"t":31,"s":[{"i":[[0,-7.056],[7.422,0],[2.738,4.919],[-7.422,0]],"o":[[0,6.506],[-7.422,0],[2.619,-4.962],[7.422,0]],"v":[[-3.003,-0.206],[-16.442,13.281],[-29.88,-0.157],[-16.442,-13.596]],"c":true}]},{"t":60,"s":[{"i":[[0,-9.122],[9.122,0],[0,9.122],[-9.122,0]],"o":[[0,9.122],[-9.122,0],[0,-9.122],[9.122,0]],"v":[[-5.224,-0.157],[-21.742,16.36],[-38.259,-0.157],[-21.742,-16.675]],"c":true}]}],"ix":2},"nm":"Path 1","mn":"ADBE Vector Shape - Group","hd":false},{"ind":3,"ty":"sh","ix":4,"ks":{"a":1,"k":[{"i":{"x":0.833,"y":0.833},"o":{"x":0.167,"y":0.167},"t":0,"s":[{"i":[[-0.014,0],[0.018,0],[0.015,0],[-0.018,0]],"o":[[-0.014,0],[-0.018,0],[0.015,0],[0.018,0]],"v":[[0.212,-0.157],[0.18,-0.158],[0.148,-0.157],[0.18,-0.157]],"c":true}]},{"i":{"x":0.833,"y":0.833},"o":{"x":0.167,"y":0.167},"t":10,"s":[{"i":[[-3.897,0],[-0.036,0],[0,0],[0.036,0]],"o":[[-3.805,0],[0.036,0],[0,0],[-0.036,0]],"v":[[13.476,-0.157],[-0.262,-0.127],[-0.225,-0.127],[-0.262,-0.128]],"c":true}]},{"i":{"x":0.833,"y":0.833},"o":{"x":0.167,"y":0.167},"t":18,"s":[{"i":[[-4.586,0],[3.514,0],[0,3.074],[-3.514,0]],"o":[[-4.477,0],[-3.514,0],[0,-2.7],[3.514,0]],"v":[[20.065,-0.157],[6.312,6.749],[0.928,-0.157],[6.312,-7.101]],"c":true}]},{"i":{"x":0.833,"y":0.833},"o":{"x":0.167,"y":0.167},"t":23,"s":[{"i":[[-5.016,0],[6.225,0],[0,4.529],[-6.225,0]],"o":[[-4.897,0],[-6.225,0],[0,-4.896],[6.225,0]],"v":[[24.183,-0.157],[10.531,9.294],[1.64,-0.199],[10.531,-9.677]],"c":true}]},{"i":{"x":0.31,"y":1},"o":{"x":0.167,"y":0.167},"t":31,"s":[{"i":[[-1.517,-5.676],[7.402,0],[0,6.694],[-7.402,0]],"o":[[-1.636,4.919],[-7.402,0],[0,-7.009],[7.402,0]],"v":[[30.089,-0.157],[16.685,13.246],[3.282,-0.206],[16.685,-13.561]],"c":true}]},{"t":60,"s":[{"i":[[0,-9.122],[9.122,0],[0,9.122],[-9.122,0]],"o":[[0,9.122],[-9.122,0],[0,-9.122],[9.122,0]],"v":[[38.715,-0.157],[22.197,16.36],[5.68,-0.157],[22.197,-16.675]],"c":true}]}],"ix":2},"nm":"Path 2","mn":"ADBE Vector Shape - Group","hd":false},{"ind":4,"ty":"sh","ix":5,"ks":{"a":1,"k":[{"i":{"x":0.833,"y":0.833},"o":{"x":0.167,"y":0.167},"t":0,"s":[{"i":[[0,0],[-0.013,0],[-0.007,0]],"o":[[0.007,0],[0.011,0],[0,0]],"v":[[0.087,-0.157],[0.12,-0.157],[0.148,-0.157]],"c":false}]},{"i":{"x":0.833,"y":0.833},"o":{"x":0.167,"y":0.167},"t":10,"s":[{"i":[[0,0],[0,0],[0,0]],"o":[[0,0],[0,0],[0,0]],"v":[[-0.226,-0.127],[-0.226,-0.127],[-0.225,-0.127]],"c":false}]},{"i":{"x":0.833,"y":0.833},"o":{"x":0.167,"y":0.167},"t":18,"s":[{"i":[[-0.103,0],[-0.379,0],[-0.43,0]],"o":[[0.313,0],[0.404,0],[0,0]],"v":[[-0.951,-0.15],[-0.066,-0.152],[0.947,-0.15]],"c":false}]},{"i":{"x":0.833,"y":0.833},"o":{"x":0.167,"y":0.167},"t":23,"s":[{"i":[[-0.075,0.023],[-0.599,0],[-0.455,-0.32]],"o":[[0.385,-0.434],[0.553,0],[0,0]],"v":[[-1.354,-0.899],[0.075,-1.616],[1.473,-1.096]],"c":false}]},{"i":{"x":0.31,"y":1},"o":{"x":0.167,"y":0.167},"t":31,"s":[{"i":[[-0.081,0.061],[-1.368,0],[-0.81,-0.831]],"o":[[0.769,-1.128],[1.174,0],[0,0]],"v":[[-2.955,-2.098],[0.338,-3.959],[3.322,-2.609]],"c":false}]},{"t":60,"s":[{"i":[[-0.093,0.107],[-2.601,0],[-1.387,-1.454]],"o":[[1.387,-1.974],[2.174,0],[0,0]],"v":[[-5.572,-3.557],[0.71,-6.811],[6.245,-4.451]],"c":false}]}],"ix":2},"nm":"Path 3","mn":"ADBE Vector Shape - Group","hd":false},{"ty":"st","c":{"a":0,"k":[0,0.592,0.918,1],"ix":3,"x":"var $bm_rt;\n$bm_rt = comp('wired-outline-243-glasses').layer('control').effect('primary')('Color');"},"o":{"a":0,"k":100,"ix":4},"w":{"a":0,"k":4.199999999999999,"ix":5,"x":"var $bm_rt;\n$bm_rt = $bm_mul($bm_div(value, 3), comp('wired-outline-243-glasses').layer('control').effect('stroke')('Menu'));"},"lc":2,"lj":2,"bm":0,"nm":".primary","mn":"ADBE Vector Graphic - Stroke","hd":false,"cl":"primary"},{"ty":"tr","p":{"a":0,"k":[0,0],"ix":2},"a":{"a":0,"k":[0,0],"ix":1},"s":{"a":0,"k":[100,100],"ix":3},"r":{"a":0,"k":0,"ix":6},"o":{"a":0,"k":100,"ix":7},"sk":{"a":0,"k":0,"ix":4},"sa":{"a":0,"k":0,"ix":5},"nm":"Transform"}],"nm":"Group 1","np":6,"cix":2,"bm":0,"ix":1,"mn":"ADBE Vector Group","hd":false}],"ip":1,"op":300,"st":0,"ct":1,"bm":0}]},{"id":"comp_1","nm":"hover-searching","fr":60,"layers":[{"ddd":0,"ind":1,"ty":4,"nm":"Shape Layer 2","parent":3,"sr":1,"ks":{"o":{"a":0,"k":100,"ix":11},"r":{"a":0,"k":0,"ix":10},"p":{"a":0,"k":[22.197,-0.157,0],"ix":2,"l":2},"a":{"a":0,"k":[-9.5,-0.125,0],"ix":1,"l":2},"s":{"a":0,"k":[100,100,100],"ix":6,"l":2}},"ao":0,"shapes":[{"ty":"gr","it":[{"ty":"rc","d":1,"s":{"a":1,"k":[{"i":{"x":[0.833,0.833],"y":[0.833,0.833]},"o":{"x":[0.167,0.167],"y":[0.167,0.167]},"t":0,"s":[4,0]},{"i":{"x":[0.833,0.833],"y":[0.833,0.833]},"o":{"x":[0.167,0.167],"y":[0.167,0.167]},"t":9,"s":[4,10]},{"i":{"x":[0.833,0.833],"y":[0.833,0.833]},"o":{"x":[0.167,0.167],"y":[0.167,0.167]},"t":14,"s":[4,9]},{"i":{"x":[0.833,0.833],"y":[0.833,0.833]},"o":{"x":[0.167,0.167],"y":[0.167,0.167]},"t":50,"s":[4,9]},{"i":{"x":[0.833,0.833],"y":[0.833,0.833]},"o":{"x":[0.167,0.167],"y":[0.167,0.167]},"t":52.5,"s":[4,10]},{"i":{"x":[0.833,0.833],"y":[0.833,0.833]},"o":{"x":[0.167,0.167],"y":[0.167,0.167]},"t":53,"s":[4,2]},{"i":{"x":[0.833,0.833],"y":[0.833,0.833]},"o":{"x":[0.167,0.167],"y":[0.167,0.167]},"t":60,"s":[4,2]},{"i":{"x":[0.833,0.833],"y":[0.833,0.833]},"o":{"x":[0.167,0.167],"y":[0.167,0.167]},"t":62.5,"s":[4,10]},{"i":{"x":[0.833,0.833],"y":[0.833,0.833]},"o":{"x":[0.167,0.167],"y":[0.167,0.167]},"t":65,"s":[4,9]},{"i":{"x":[0.833,0.833],"y":[0.833,0.833]},"o":{"x":[0.167,0.167],"y":[0.167,0.167]},"t":102.5,"s":[4,9]},{"i":{"x":[0.833,0.833],"y":[0.833,0.833]},"o":{"x":[0.167,0.167],"y":[0.167,0.167]},"t":105,"s":[4,10]},{"i":{"x":[0.833,0.833],"y":[0.833,0.833]},"o":{"x":[0.167,0.167],"y":[0.167,0.167]},"t":107.5,"s":[4,2]},{"i":{"x":[0.833,0.833],"y":[0.833,0.833]},"o":{"x":[0.167,0.167],"y":[0.167,0.167]},"t":112.5,"s":[4,2]},{"i":{"x":[0.833,0.833],"y":[0.833,0.833]},"o":{"x":[0.167,0.167],"y":[0.167,0.167]},"t":115,"s":[4,10]},{"i":{"x":[0.833,0.833],"y":[0.833,0.833]},"o":{"x":[0.167,0.167],"y":[0.167,0.167]},"t":117.5,"s":[4,9]},{"i":{"x":[0.833,0.833],"y":[0.833,0.833]},"o":{"x":[0.167,0.167],"y":[0.167,0.167]},"t":122.5,"s":[4,10]},{"t":127.5,"s":[4,0]}],"ix":2},"p":{"a":0,"k":[0,0],"ix":3},"r":{"a":0,"k":20,"ix":4},"nm":"Rectangle Path 1","mn":"ADBE Vector Shape - Rect","hd":false},{"ty":"st","c":{"a":0,"k":[0,0.592,0.918,1],"ix":3,"x":"var $bm_rt;\n$bm_rt = comp('wired-outline-243-glasses').layer('control').effect('primary')('Color');"},"o":{"a":0,"k":100,"ix":4},"w":{"a":0,"k":0,"ix":5,"x":"var $bm_rt;\n$bm_rt = $bm_mul($bm_div(value, 3), comp('wired-outline-243-glasses').layer('control').effect('stroke')('Menu'));"},"lc":1,"lj":1,"ml":4,"bm":0,"nm":".primary","mn":"ADBE Vector Graphic - Stroke","hd":false,"cl":"primary"},{"ty":"fl","c":{"a":0,"k":[0,0.592,0.918,1],"ix":4,"x":"var $bm_rt;\n$bm_rt = comp('wired-outline-243-glasses').layer('control').effect('secondary')('Color');"},"o":{"a":0,"k":100,"ix":5},"r":1,"bm":0,"nm":".secondary","mn":"ADBE Vector Graphic - Fill","hd":false,"cl":"secondary"},{"ty":"tr","p":{"a":0,"k":[-9.5,-0.125],"ix":2},"a":{"a":0,"k":[0,0],"ix":1},"s":{"a":0,"k":[100,100],"ix":3},"r":{"a":0,"k":0,"ix":6},"o":{"a":0,"k":100,"ix":7},"sk":{"a":0,"k":0,"ix":4},"sa":{"a":0,"k":0,"ix":5},"nm":"Transform"}],"nm":"Rectangle 1","np":3,"cix":2,"bm":0,"ix":1,"mn":"ADBE Vector Group","hd":false}],"ip":0,"op":300,"st":0,"ct":1,"bm":0},{"ddd":0,"ind":2,"ty":4,"nm":"Shape Layer 1","parent":3,"sr":1,"ks":{"o":{"a":0,"k":100,"ix":11},"r":{"a":0,"k":0,"ix":10},"p":{"a":0,"k":[-21.742,-0.157,0],"ix":2,"l":2},"a":{"a":0,"k":[-9.5,-0.125,0],"ix":1,"l":2},"s":{"a":0,"k":[100,100,100],"ix":6,"l":2}},"ao":0,"shapes":[{"ty":"gr","it":[{"ty":"rc","d":1,"s":{"a":1,"k":[{"i":{"x":[0.833,0.833],"y":[0.833,0.833]},"o":{"x":[0.167,0.167],"y":[0.167,0.167]},"t":0,"s":[4,0]},{"i":{"x":[0.833,0.833],"y":[0.833,0.833]},"o":{"x":[0.167,0.167],"y":[0.167,0.167]},"t":9,"s":[4,10]},{"i":{"x":[0.833,0.833],"y":[0.833,0.833]},"o":{"x":[0.167,0.167],"y":[0.167,0.167]},"t":14,"s":[4,9]},{"i":{"x":[0.833,0.833],"y":[0.833,0.833]},"o":{"x":[0.167,0.167],"y":[0.167,0.167]},"t":50,"s":[4,9]},{"i":{"x":[0.833,0.833],"y":[0.833,0.833]},"o":{"x":[0.167,0.167],"y":[0.167,0.167]},"t":52.5,"s":[4,10]},{"i":{"x":[0.833,0.833],"y":[0.833,0.833]},"o":{"x":[0.167,0.167],"y":[0.167,0.167]},"t":55,"s":[4,2]},{"i":{"x":[0.833,0.833],"y":[0.833,0.833]},"o":{"x":[0.167,0.167],"y":[0.167,0.167]},"t":60,"s":[4,2]},{"i":{"x":[0.833,0.833],"y":[0.833,0.833]},"o":{"x":[0.167,0.167],"y":[0.167,0.167]},"t":62.5,"s":[4,10]},{"i":{"x":[0.833,0.833],"y":[0.833,0.833]},"o":{"x":[0.167,0.167],"y":[0.167,0.167]},"t":65,"s":[4,9]},{"i":{"x":[0.833,0.833],"y":[0.833,0.833]},"o":{"x":[0.167,0.167],"y":[0.167,0.167]},"t":102.5,"s":[4,9]},{"i":{"x":[0.833,0.833],"y":[0.833,0.833]},"o":{"x":[0.167,0.167],"y":[0.167,0.167]},"t":105,"s":[4,10]},{"i":{"x":[0.833,0.833],"y":[0.833,0.833]},"o":{"x":[0.167,0.167],"y":[0.167,0.167]},"t":107.5,"s":[4,2]},{"i":{"x":[0.833,0.833],"y":[0.833,0.833]},"o":{"x":[0.167,0.167],"y":[0.167,0.167]},"t":112.5,"s":[4,2]},{"i":{"x":[0.833,0.833],"y":[0.833,0.833]},"o":{"x":[0.167,0.167],"y":[0.167,0.167]},"t":115,"s":[4,10]},{"i":{"x":[0.833,0.833],"y":[0.833,0.833]},"o":{"x":[0.167,0.167],"y":[0.167,0.167]},"t":117.5,"s":[4,9]},{"i":{"x":[0.833,0.833],"y":[0.833,0.833]},"o":{"x":[0.167,0.167],"y":[0.167,0.167]},"t":122.5,"s":[4,10]},{"t":127.5,"s":[4,0]}],"ix":2},"p":{"a":0,"k":[0,0],"ix":3},"r":{"a":0,"k":20,"ix":4},"nm":"Rectangle Path 1","mn":"ADBE Vector Shape - Rect","hd":false},{"ty":"st","c":{"a":0,"k":[0,0.592,0.918,1],"ix":3,"x":"var $bm_rt;\n$bm_rt = comp('wired-outline-243-glasses').layer('control').effect('primary')('Color');"},"o":{"a":0,"k":100,"ix":4},"w":{"a":0,"k":0,"ix":5,"x":"var $bm_rt;\n$bm_rt = $bm_mul($bm_div(value, 3), comp('wired-outline-243-glasses').layer('control').effect('stroke')('Menu'));"},"lc":1,"lj":1,"ml":4,"bm":0,"nm":".primary","mn":"ADBE Vector Graphic - Stroke","hd":false,"cl":"primary"},{"ty":"fl","c":{"a":0,"k":[0,0.592,0.918,1],"ix":4,"x":"var $bm_rt;\n$bm_rt = comp('wired-outline-243-glasses').layer('control').effect('secondary')('Color');"},"o":{"a":0,"k":100,"ix":5},"r":1,"bm":0,"nm":".secondary","mn":"ADBE Vector Graphic - Fill","hd":false,"cl":"secondary"},{"ty":"tr","p":{"a":0,"k":[-9.5,-0.125],"ix":2},"a":{"a":0,"k":[0,0],"ix":1},"s":{"a":0,"k":[100,100],"ix":3},"r":{"a":0,"k":0,"ix":6},"o":{"a":0,"k":100,"ix":7},"sk":{"a":0,"k":0,"ix":4},"sa":{"a":0,"k":0,"ix":5},"nm":"Transform"}],"nm":"Rectangle 1","np":3,"cix":2,"bm":0,"ix":1,"mn":"ADBE Vector Group","hd":false}],"ip":0,"op":300,"st":0,"ct":1,"bm":0},{"ddd":0,"ind":3,"ty":4,"nm":"Warstwa 3","sr":1,"ks":{"o":{"a":0,"k":100,"ix":11},"r":{"a":0,"k":0,"ix":10},"p":{"a":1,"k":[{"i":{"x":0.33,"y":1},"o":{"x":0.333,"y":0},"t":0,"s":[215,215,0],"to":[-0.262,-14.788,0],"ti":[4.856,5.075,0]},{"i":{"x":0.667,"y":1},"o":{"x":0.333,"y":0},"t":9,"s":[207.387,191.113,0],"to":[8.006,7,0],"ti":[-8.81,-3.981,0]},{"i":{"x":0.31,"y":0.31},"o":{"x":0.333,"y":0.333},"t":21,"s":[260.25,215,0],"to":[0,0,0],"ti":[0,0,0]},{"i":{"x":0.31,"y":1},"o":{"x":0.69,"y":0},"t":47,"s":[260.25,215,0],"to":[-15.767,0.962,0],"ti":[15.767,-0.968,0]},{"t":72.5,"s":[165.65,220.775,0],"h":1},{"i":{"x":0.343,"y":1},"o":{"x":0.333,"y":0},"t":95,"s":[165.65,220.806,0],"to":[35.6,-1.694,0],"ti":[-0.131,13.738,0]},{"i":{"x":0.667,"y":1},"o":{"x":0.333,"y":0},"t":115,"s":[215,191.113,0],"to":[0.131,8.575,0],"ti":[0.224,-2.891,0]},{"i":{"x":0.667,"y":1},"o":{"x":0.333,"y":0},"t":122.5,"s":[215,222.875,0],"to":[-0.748,-4.374,0],"ti":[0,0.438,0]},{"t":132.5,"s":[215,215,0]}],"ix":2,"l":2},"a":{"a":0,"k":[0,0,0],"ix":1,"l":2},"s":{"a":0,"k":[420,420,100],"ix":6,"l":2}},"ao":0,"shapes":[{"ty":"gr","it":[{"ind":0,"ty":"sh","ix":1,"ks":{"a":1,"k":[{"i":{"x":0.33,"y":1},"o":{"x":0.333,"y":0},"t":0,"s":[{"i":[[0,0],[0,0]],"o":[[0,0],[0,0]],"v":[[38.555,0.125],[42.555,0.125]],"c":false}]},{"i":{"x":0.667,"y":1},"o":{"x":0.333,"y":0},"t":9,"s":[{"i":[[0,0],[0,0]],"o":[[0,0],[0,0]],"v":[[38.555,0.125],[44.18,5.625]],"c":false}]},{"i":{"x":0.31,"y":1},"o":{"x":0.333,"y":0},"t":21,"s":[{"i":[[0,0],[0,0]],"o":[[0,0],[0,0]],"v":[[38.555,0.125],[31.305,-0.125]],"c":false}]},{"i":{"x":0.31,"y":1},"o":{"x":0.69,"y":0},"t":47,"s":[{"i":[[0,0],[0,0]],"o":[[0,0],[0,0]],"v":[[38.555,0.125],[31.305,-0.125]],"c":false}]},{"i":{"x":0.667,"y":1},"o":{"x":0.69,"y":0},"t":72.5,"s":[{"i":[[0,0],[0,0]],"o":[[0,0],[0,0]],"v":[[38.555,0.125],[54.18,-1.5]],"c":false}]},{"i":{"x":0.833,"y":0.833},"o":{"x":0.333,"y":0},"t":95,"s":[{"i":[[0,0],[0,0]],"o":[[0,0],[0,0]],"v":[[38.555,0.125],[54.18,-1.5]],"c":false}]},{"i":{"x":0.833,"y":0.833},"o":{"x":0.167,"y":0.167},"t":98,"s":[{"i":[[0,0],[0,0]],"o":[[0,0],[0,0]],"v":[[38.555,0.125],[52.937,-1.012]],"c":false}]},{"i":{"x":0.343,"y":1},"o":{"x":0.167,"y":0.167},"t":104,"s":[{"i":[[0,0],[0,0]],"o":[[0,0],[0,0]],"v":[[38.555,0.125],[45.456,1.805]],"c":false}]},{"i":{"x":0.667,"y":1},"o":{"x":0.333,"y":0},"t":115,"s":[{"i":[[0,0],[0,0]],"o":[[0,0],[0,0]],"v":[[38.555,0.125],[42.43,5.625]],"c":false}]},{"i":{"x":0.667,"y":1},"o":{"x":0.333,"y":0},"t":122.5,"s":[{"i":[[0,0],[0,0]],"o":[[0,0],[0,0]],"v":[[38.555,0.125],[42.485,-1.875]],"c":false}]},{"t":132.5,"s":[{"i":[[0,0],[0,0]],"o":[[0,0],[0,0]],"v":[[38.555,0.125],[42.555,0.125]],"c":false}]}],"ix":2},"nm":"Path 4","mn":"ADBE Vector Shape - Group","hd":false},{"ind":1,"ty":"sh","ix":2,"ks":{"a":1,"k":[{"i":{"x":0.33,"y":1},"o":{"x":0.333,"y":0},"t":0,"s":[{"i":[[0,0],[0,0]],"o":[[0,0],[0,0]],"v":[[-42.32,0.125],[-38.32,0.125]],"c":false}]},{"i":{"x":0.667,"y":1},"o":{"x":0.333,"y":0},"t":9,"s":[{"i":[[0,0],[0,0]],"o":[[0,0],[0,0]],"v":[[-40.32,5.625],[-38.32,0.125]],"c":false}]},{"i":{"x":0.31,"y":1},"o":{"x":0.333,"y":0},"t":21,"s":[{"i":[[0,0],[0,0]],"o":[[0,0],[0,0]],"v":[[-53.32,0.125],[-38.32,0.125]],"c":false}]},{"i":{"x":0.31,"y":1},"o":{"x":0.69,"y":0},"t":47,"s":[{"i":[[0,0],[0,0]],"o":[[0,0],[0,0]],"v":[[-53.32,0.125],[-38.32,0.125]],"c":false}]},{"i":{"x":0.667,"y":1},"o":{"x":0.69,"y":0},"t":72.5,"s":[{"i":[[0,0],[0,0]],"o":[[0,0],[0,0]],"v":[[-30.82,-1.25],[-38.32,0.125]],"c":false}]},{"i":{"x":0.833,"y":0.833},"o":{"x":0.333,"y":0},"t":95,"s":[{"i":[[0,0],[0,0]],"o":[[0,0],[0,0]],"v":[[-30.82,-1.25],[-38.32,0.125]],"c":false}]},{"i":{"x":0.833,"y":0.833},"o":{"x":0.167,"y":0.167},"t":98,"s":[{"i":[[0,0],[0,0]],"o":[[0,0],[0,0]],"v":[[-32.019,-0.806],[-38.32,0.125]],"c":false}]},{"i":{"x":0.343,"y":1},"o":{"x":0.167,"y":0.167},"t":104,"s":[{"i":[[0,0],[0,0]],"o":[[0,0],[0,0]],"v":[[-39.307,1.819],[-38.32,0.125]],"c":false}]},{"i":{"x":0.667,"y":1},"o":{"x":0.333,"y":0},"t":115,"s":[{"i":[[0,0],[0,0]],"o":[[0,0],[0,0]],"v":[[-42.195,5.5],[-38.32,0.125]],"c":false}]},{"i":{"x":0.667,"y":1},"o":{"x":0.333,"y":0},"t":122.5,"s":[{"i":[[0,0],[0,0]],"o":[[0,0],[0,0]],"v":[[-42.14,-2],[-38.32,0.125]],"c":false}]},{"t":132.5,"s":[{"i":[[0,0],[0,0]],"o":[[0,0],[0,0]],"v":[[-42.32,0.125],[-38.32,0.125]],"c":false}]}],"ix":2},"nm":"Path 5","mn":"ADBE Vector Shape - Group","hd":false},{"ind":2,"ty":"sh","ix":3,"ks":{"a":0,"k":{"i":[[0,-9.122],[9.122,0],[0,9.122],[-9.122,0]],"o":[[0,9.122],[-9.122,0],[0,-9.122],[9.122,0]],"v":[[-5.224,-0.157],[-21.742,16.36],[-38.259,-0.157],[-21.742,-16.675]],"c":true},"ix":2},"nm":"Path 1","mn":"ADBE Vector Shape - Group","hd":false},{"ind":3,"ty":"sh","ix":4,"ks":{"a":0,"k":{"i":[[0,-9.122],[9.122,0],[0,9.122],[-9.122,0]],"o":[[0,9.122],[-9.122,0],[0,-9.122],[9.122,0]],"v":[[38.715,-0.157],[22.197,16.36],[5.68,-0.157],[22.197,-16.675]],"c":true},"ix":2},"nm":"Path 2","mn":"ADBE Vector Shape - Group","hd":false},{"ind":4,"ty":"sh","ix":5,"ks":{"a":0,"k":{"i":[[-0.093,0.107],[-2.601,0],[-1.387,-1.454]],"o":[[1.387,-1.974],[2.174,0],[0,0]],"v":[[-5.572,-3.557],[0.71,-6.811],[6.245,-4.451]],"c":false},"ix":2},"nm":"Path 3","mn":"ADBE Vector Shape - Group","hd":false},{"ty":"st","c":{"a":0,"k":[0,0.592,0.918,1],"ix":3,"x":"var $bm_rt;\n$bm_rt = comp('wired-outline-243-glasses').layer('control').effect('primary')('Color');"},"o":{"a":0,"k":100,"ix":4},"w":{"a":0,"k":4.199999999999999,"ix":5,"x":"var $bm_rt;\n$bm_rt = $bm_mul($bm_div(value, 3), comp('wired-outline-243-glasses').layer('control').effect('stroke')('Menu'));"},"lc":2,"lj":2,"bm":0,"nm":".primary","mn":"ADBE Vector Graphic - Stroke","hd":false,"cl":"primary"},{"ty":"tr","p":{"a":0,"k":[0,0],"ix":2},"a":{"a":0,"k":[0,0],"ix":1},"s":{"a":0,"k":[100,100],"ix":3},"r":{"a":0,"k":0,"ix":6},"o":{"a":0,"k":100,"ix":7},"sk":{"a":0,"k":0,"ix":4},"sa":{"a":0,"k":0,"ix":5},"nm":"Transform"}],"nm":"Group 1","np":6,"cix":2,"bm":0,"ix":1,"mn":"ADBE Vector Group","hd":false}],"ip":0,"op":300,"st":0,"ct":1,"bm":0}]},{"id":"comp_2","nm":"morph-eyes","fr":60,"layers":[{"ddd":0,"ind":1,"ty":4,"nm":"Shape Layer 2","parent":3,"sr":1,"ks":{"o":{"a":0,"k":100,"ix":11},"r":{"a":0,"k":0,"ix":10},"p":{"a":0,"k":[22.197,-0.157,0],"ix":2,"l":2},"a":{"a":0,"k":[-9.5,-0.125,0],"ix":1,"l":2},"s":{"a":0,"k":[100,100,100],"ix":6,"l":2}},"ao":0,"shapes":[{"ty":"gr","it":[{"ty":"rc","d":1,"s":{"a":1,"k":[{"i":{"x":[0.833,0.833],"y":[0.833,0.833]},"o":{"x":[0.167,0.167],"y":[0.167,0.167]},"t":7.5,"s":[4,0]},{"i":{"x":[0.833,0.833],"y":[0.833,0.833]},"o":{"x":[0.167,0.167],"y":[0.167,0.167]},"t":12.5,"s":[4,10]},{"i":{"x":[0.833,0.833],"y":[0.833,0.833]},"o":{"x":[0.167,0.167],"y":[0.167,0.167]},"t":17.5,"s":[4,9]},{"i":{"x":[0.833,0.833],"y":[0.833,0.833]},"o":{"x":[0.167,0.167],"y":[0.167,0.167]},"t":52.5,"s":[4,9]},{"i":{"x":[0.833,0.833],"y":[0.833,0.833]},"o":{"x":[0.167,0.167],"y":[0.167,0.167]},"t":55,"s":[4,10]},{"i":{"x":[0.833,0.833],"y":[0.833,0.833]},"o":{"x":[0.167,0.167],"y":[0.167,0.167]},"t":57.5,"s":[4,2]},{"i":{"x":[0.833,0.833],"y":[0.833,0.833]},"o":{"x":[0.167,0.167],"y":[0.167,0.167]},"t":67.5,"s":[4,2]},{"i":{"x":[0.833,0.833],"y":[0.833,0.833]},"o":{"x":[0.167,0.167],"y":[0.167,0.167]},"t":70,"s":[4,10]},{"i":{"x":[0.833,0.833],"y":[0.833,0.833]},"o":{"x":[0.167,0.167],"y":[0.167,0.167]},"t":72.5,"s":[4,9]},{"i":{"x":[0.833,0.833],"y":[0.833,0.833]},"o":{"x":[0.167,0.167],"y":[0.167,0.167]},"t":110,"s":[4,9]},{"i":{"x":[0.833,0.833],"y":[0.833,0.833]},"o":{"x":[0.167,0.167],"y":[0.167,0.167]},"t":115,"s":[4,10]},{"t":120,"s":[4,0]}],"ix":2},"p":{"a":0,"k":[0,0],"ix":3},"r":{"a":0,"k":20,"ix":4},"nm":"Rectangle Path 1","mn":"ADBE Vector Shape - Rect","hd":false},{"ty":"st","c":{"a":0,"k":[0,0.592,0.918,1],"ix":3,"x":"var $bm_rt;\n$bm_rt = comp('wired-outline-243-glasses').layer('control').effect('primary')('Color');"},"o":{"a":0,"k":100,"ix":4},"w":{"a":0,"k":0,"ix":5,"x":"var $bm_rt;\n$bm_rt = $bm_mul($bm_div(value, 3), comp('wired-outline-243-glasses').layer('control').effect('stroke')('Menu'));"},"lc":1,"lj":1,"ml":4,"bm":0,"nm":".primary","mn":"ADBE Vector Graphic - Stroke","hd":false,"cl":"primary"},{"ty":"fl","c":{"a":0,"k":[0,0.592,0.918,1],"ix":4,"x":"var $bm_rt;\n$bm_rt = comp('wired-outline-243-glasses').layer('control').effect('secondary')('Color');"},"o":{"a":0,"k":100,"ix":5},"r":1,"bm":0,"nm":".secondary","mn":"ADBE Vector Graphic - Fill","hd":false,"cl":"secondary"},{"ty":"tr","p":{"a":0,"k":[-9.5,-0.125],"ix":2},"a":{"a":0,"k":[0,0],"ix":1},"s":{"a":0,"k":[100,100],"ix":3},"r":{"a":0,"k":0,"ix":6},"o":{"a":0,"k":100,"ix":7},"sk":{"a":0,"k":0,"ix":4},"sa":{"a":0,"k":0,"ix":5},"nm":"Transform"}],"nm":"Rectangle 1","np":3,"cix":2,"bm":0,"ix":1,"mn":"ADBE Vector Group","hd":false}],"ip":0,"op":300,"st":0,"ct":1,"bm":0},{"ddd":0,"ind":2,"ty":4,"nm":"Shape Layer 1","parent":3,"sr":1,"ks":{"o":{"a":0,"k":100,"ix":11},"r":{"a":0,"k":0,"ix":10},"p":{"a":0,"k":[-21.742,-0.157,0],"ix":2,"l":2},"a":{"a":0,"k":[-9.5,-0.125,0],"ix":1,"l":2},"s":{"a":0,"k":[100,100,100],"ix":6,"l":2}},"ao":0,"shapes":[{"ty":"gr","it":[{"ty":"rc","d":1,"s":{"a":1,"k":[{"i":{"x":[0.833,0.833],"y":[0.833,0.833]},"o":{"x":[0.167,0.167],"y":[0.167,0.167]},"t":7.5,"s":[4,0]},{"i":{"x":[0.833,0.833],"y":[0.833,0.833]},"o":{"x":[0.167,0.167],"y":[0.167,0.167]},"t":12.5,"s":[4,10]},{"i":{"x":[0.833,0.833],"y":[0.833,0.833]},"o":{"x":[0.167,0.167],"y":[0.167,0.167]},"t":17.5,"s":[4,9]},{"i":{"x":[0.833,0.833],"y":[0.833,0.833]},"o":{"x":[0.167,0.167],"y":[0.167,0.167]},"t":110,"s":[4,9]},{"i":{"x":[0.833,0.833],"y":[0.833,0.833]},"o":{"x":[0.167,0.167],"y":[0.167,0.167]},"t":115,"s":[4,10]},{"t":120,"s":[4,0]}],"ix":2},"p":{"a":0,"k":[0,0],"ix":3},"r":{"a":0,"k":20,"ix":4},"nm":"Rectangle Path 1","mn":"ADBE Vector Shape - Rect","hd":false},{"ty":"st","c":{"a":0,"k":[0,0.592,0.918,1],"ix":3,"x":"var $bm_rt;\n$bm_rt = comp('wired-outline-243-glasses').layer('control').effect('primary')('Color');"},"o":{"a":0,"k":100,"ix":4},"w":{"a":0,"k":0,"ix":5,"x":"var $bm_rt;\n$bm_rt = $bm_mul($bm_div(value, 3), comp('wired-outline-243-glasses').layer('control').effect('stroke')('Menu'));"},"lc":1,"lj":1,"ml":4,"bm":0,"nm":".primary","mn":"ADBE Vector Graphic - Stroke","hd":false,"cl":"primary"},{"ty":"fl","c":{"a":0,"k":[0,0.592,0.918,1],"ix":4,"x":"var $bm_rt;\n$bm_rt = comp('wired-outline-243-glasses').layer('control').effect('secondary')('Color');"},"o":{"a":0,"k":100,"ix":5},"r":1,"bm":0,"nm":".secondary","mn":"ADBE Vector Graphic - Fill","hd":false,"cl":"secondary"},{"ty":"tr","p":{"a":0,"k":[-9.5,-0.125],"ix":2},"a":{"a":0,"k":[0,0],"ix":1},"s":{"a":0,"k":[100,100],"ix":3},"r":{"a":0,"k":0,"ix":6},"o":{"a":0,"k":100,"ix":7},"sk":{"a":0,"k":0,"ix":4},"sa":{"a":0,"k":0,"ix":5},"nm":"Transform"}],"nm":"Rectangle 1","np":3,"cix":2,"bm":0,"ix":1,"mn":"ADBE Vector Group","hd":false}],"ip":0,"op":300,"st":0,"ct":1,"bm":0},{"ddd":0,"ind":3,"ty":4,"nm":"Warstwa 2","sr":1,"ks":{"o":{"a":0,"k":100,"ix":11},"r":{"a":1,"k":[{"i":{"x":[0.833],"y":[0.833]},"o":{"x":[0.167],"y":[0.167]},"t":47.5,"s":[0]},{"i":{"x":[0.833],"y":[0.833]},"o":{"x":[0.167],"y":[0.167]},"t":50,"s":[-2]},{"i":{"x":[0.833],"y":[0.833]},"o":{"x":[0.167],"y":[0.167]},"t":57.5,"s":[4]},{"i":{"x":[0.833],"y":[0.833]},"o":{"x":[0.167],"y":[0.167]},"t":67.5,"s":[4]},{"i":{"x":[0.833],"y":[0.833]},"o":{"x":[0.167],"y":[0.167]},"t":75,"s":[-2]},{"t":77.5,"s":[0]}],"ix":10},"p":{"a":1,"k":[{"i":{"x":0.667,"y":1},"o":{"x":0.167,"y":0.167},"t":0,"s":[215,215,0],"to":[0,-3.5,0],"ti":[0,-1.75,0]},{"i":{"x":0.667,"y":1},"o":{"x":0.333,"y":0},"t":5,"s":[215,194,0],"to":[0,1.75,0],"ti":[0,-2.625,0]},{"i":{"x":0.667,"y":1},"o":{"x":0.333,"y":0},"t":15,"s":[215,225.5,0],"to":[0,2.625,0],"ti":[0,1.75,0]},{"i":{"x":0.667,"y":1},"o":{"x":0.333,"y":0},"t":22.5,"s":[215,209.75,0],"to":[0,-1.75,0],"ti":[0,-0.875,0]},{"i":{"x":0.833,"y":0.833},"o":{"x":0.333,"y":0.333},"t":27.5,"s":[215,215,0],"to":[0,0,0],"ti":[0,0,0]},{"i":{"x":0.667,"y":1},"o":{"x":0.167,"y":0.167},"t":102.5,"s":[215,215,0],"to":[0,1.75,0],"ti":[0,0.875,0]},{"i":{"x":0.667,"y":1},"o":{"x":0.333,"y":0},"t":107.5,"s":[215,225.5,0],"to":[0,-0.875,0],"ti":[0,1.75,0]},{"i":{"x":0.667,"y":1},"o":{"x":0.333,"y":0},"t":115,"s":[215,209.75,0],"to":[0,-1.75,0],"ti":[0,-0.875,0]},{"t":120,"s":[215,215,0]}],"ix":2,"l":2},"a":{"a":0,"k":[0,0,0],"ix":1,"l":2},"s":{"a":0,"k":[420,420,100],"ix":6,"l":2}},"ao":0,"shapes":[{"ty":"gr","it":[{"ind":0,"ty":"sh","ix":1,"ks":{"a":0,"k":{"i":[[0,0],[0,0]],"o":[[0,0],[0,0]],"v":[[38.555,0.125],[42.555,0.125]],"c":false},"ix":2},"nm":"Path 4","mn":"ADBE Vector Shape - Group","hd":false},{"ind":1,"ty":"sh","ix":2,"ks":{"a":0,"k":{"i":[[0,0],[0,0]],"o":[[0,0],[0,0]],"v":[[-42.32,0.125],[-38.32,0.125]],"c":false},"ix":2},"nm":"Path 5","mn":"ADBE Vector Shape - Group","hd":false},{"ind":2,"ty":"sh","ix":3,"ks":{"a":0,"k":{"i":[[0,-9.122],[9.122,0],[0,9.122],[-9.122,0]],"o":[[0,9.122],[-9.122,0],[0,-9.122],[9.122,0]],"v":[[-5.224,-0.157],[-21.742,16.36],[-38.259,-0.157],[-21.742,-16.675]],"c":true},"ix":2},"nm":"Path 1","mn":"ADBE Vector Shape - Group","hd":false},{"ind":3,"ty":"sh","ix":4,"ks":{"a":0,"k":{"i":[[0,-9.122],[9.122,0],[0,9.122],[-9.122,0]],"o":[[0,9.122],[-9.122,0],[0,-9.122],[9.122,0]],"v":[[38.715,-0.157],[22.197,16.36],[5.68,-0.157],[22.197,-16.675]],"c":true},"ix":2},"nm":"Path 2","mn":"ADBE Vector Shape - Group","hd":false},{"ind":4,"ty":"sh","ix":5,"ks":{"a":0,"k":{"i":[[-0.093,0.107],[-2.601,0],[-1.387,-1.454]],"o":[[1.387,-1.974],[2.174,0],[0,0]],"v":[[-5.572,-3.557],[0.71,-6.811],[6.245,-4.451]],"c":false},"ix":2},"nm":"Path 3","mn":"ADBE Vector Shape - Group","hd":false},{"ty":"st","c":{"a":0,"k":[0,0.592,0.918,1],"ix":3,"x":"var $bm_rt;\n$bm_rt = comp('wired-outline-243-glasses').layer('control').effect('primary')('Color');"},"o":{"a":0,"k":100,"ix":4},"w":{"a":0,"k":4.199999999999999,"ix":5,"x":"var $bm_rt;\n$bm_rt = $bm_mul($bm_div(value, 3), comp('wired-outline-243-glasses').layer('control').effect('stroke')('Menu'));"},"lc":2,"lj":2,"bm":0,"nm":".primary","mn":"ADBE Vector Graphic - Stroke","hd":false,"cl":"primary"},{"ty":"tr","p":{"a":0,"k":[0,0],"ix":2},"a":{"a":0,"k":[0,0],"ix":1},"s":{"a":0,"k":[100,100],"ix":3},"r":{"a":0,"k":0,"ix":6},"o":{"a":0,"k":100,"ix":7},"sk":{"a":0,"k":0,"ix":4},"sa":{"a":0,"k":0,"ix":5},"nm":"Transform"}],"nm":"Group 1","np":6,"cix":2,"bm":0,"ix":1,"mn":"ADBE Vector Group","hd":false}],"ip":0,"op":300,"st":0,"ct":1,"bm":0}]},{"id":"comp_3","nm":"hover-blink","fr":60,"layers":[{"ddd":0,"ind":1,"ty":4,"nm":"Shape Layer 2","parent":3,"sr":1,"ks":{"o":{"a":0,"k":100,"ix":11},"r":{"a":0,"k":0,"ix":10},"p":{"a":0,"k":[22.197,-0.157,0],"ix":2,"l":2},"a":{"a":0,"k":[-9.5,-0.125,0],"ix":1,"l":2},"s":{"a":0,"k":[100,100,100],"ix":6,"l":2}},"ao":0,"shapes":[{"ty":"gr","it":[{"ty":"rc","d":1,"s":{"a":1,"k":[{"i":{"x":[0.833,0.833],"y":[0.833,0.833]},"o":{"x":[0.167,0.167],"y":[0.167,0.167]},"t":5,"s":[4,9]},{"i":{"x":[0.833,0.833],"y":[0.833,0.833]},"o":{"x":[0.167,0.167],"y":[0.167,0.167]},"t":7.5,"s":[4,10]},{"i":{"x":[0.833,0.833],"y":[0.833,0.833]},"o":{"x":[0.167,0.167],"y":[0.167,0.167]},"t":10,"s":[4,2]},{"i":{"x":[0.833,0.833],"y":[0.833,0.833]},"o":{"x":[0.167,0.167],"y":[0.167,0.167]},"t":20,"s":[4,2]},{"i":{"x":[0.833,0.833],"y":[0.833,0.833]},"o":{"x":[0.167,0.167],"y":[0.167,0.167]},"t":22.5,"s":[4,10]},{"t":25,"s":[4,9]}],"ix":2},"p":{"a":0,"k":[0,0],"ix":3},"r":{"a":0,"k":20,"ix":4},"nm":"Rectangle Path 1","mn":"ADBE Vector Shape - Rect","hd":false},{"ty":"st","c":{"a":0,"k":[0,0.592,0.918,1],"ix":3,"x":"var $bm_rt;\n$bm_rt = comp('wired-outline-243-glasses').layer('control').effect('primary')('Color');"},"o":{"a":0,"k":100,"ix":4},"w":{"a":0,"k":0,"ix":5,"x":"var $bm_rt;\n$bm_rt = $bm_mul($bm_div(value, 3), comp('wired-outline-243-glasses').layer('control').effect('stroke')('Menu'));"},"lc":1,"lj":1,"ml":4,"bm":0,"nm":".primary","mn":"ADBE Vector Graphic - Stroke","hd":false,"cl":"primary"},{"ty":"fl","c":{"a":0,"k":[0,0.592,0.918,1],"ix":4,"x":"var $bm_rt;\n$bm_rt = comp('wired-outline-243-glasses').layer('control').effect('secondary')('Color');"},"o":{"a":0,"k":100,"ix":5},"r":1,"bm":0,"nm":".secondary","mn":"ADBE Vector Graphic - Fill","hd":false,"cl":"secondary"},{"ty":"tr","p":{"a":0,"k":[-9.5,-0.125],"ix":2},"a":{"a":0,"k":[0,0],"ix":1},"s":{"a":0,"k":[100,100],"ix":3},"r":{"a":0,"k":0,"ix":6},"o":{"a":0,"k":100,"ix":7},"sk":{"a":0,"k":0,"ix":4},"sa":{"a":0,"k":0,"ix":5},"nm":"Transform"}],"nm":"Rectangle 1","np":3,"cix":2,"bm":0,"ix":1,"mn":"ADBE Vector Group","hd":false}],"ip":0,"op":300,"st":0,"ct":1,"bm":0},{"ddd":0,"ind":2,"ty":4,"nm":"Shape Layer 1","parent":3,"sr":1,"ks":{"o":{"a":0,"k":100,"ix":11},"r":{"a":0,"k":0,"ix":10},"p":{"a":0,"k":[-21.742,-0.157,0],"ix":2,"l":2},"a":{"a":0,"k":[-9.5,-0.125,0],"ix":1,"l":2},"s":{"a":0,"k":[100,100,100],"ix":6,"l":2}},"ao":0,"shapes":[{"ty":"gr","it":[{"ty":"rc","d":1,"s":{"a":0,"k":[4,9],"ix":2},"p":{"a":0,"k":[0,0],"ix":3},"r":{"a":0,"k":20,"ix":4},"nm":"Rectangle Path 1","mn":"ADBE Vector Shape - Rect","hd":false},{"ty":"st","c":{"a":0,"k":[0,0.592,0.918,1],"ix":3,"x":"var $bm_rt;\n$bm_rt = comp('wired-outline-243-glasses').layer('control').effect('primary')('Color');"},"o":{"a":0,"k":100,"ix":4},"w":{"a":0,"k":0,"ix":5,"x":"var $bm_rt;\n$bm_rt = $bm_mul($bm_div(value, 3), comp('wired-outline-243-glasses').layer('control').effect('stroke')('Menu'));"},"lc":1,"lj":1,"ml":4,"bm":0,"nm":".primary","mn":"ADBE Vector Graphic - Stroke","hd":false,"cl":"primary"},{"ty":"fl","c":{"a":0,"k":[0,0.592,0.918,1],"ix":4,"x":"var $bm_rt;\n$bm_rt = comp('wired-outline-243-glasses').layer('control').effect('secondary')('Color');"},"o":{"a":0,"k":100,"ix":5},"r":1,"bm":0,"nm":".secondary","mn":"ADBE Vector Graphic - Fill","hd":false,"cl":"secondary"},{"ty":"tr","p":{"a":0,"k":[-9.5,-0.125],"ix":2},"a":{"a":0,"k":[0,0],"ix":1},"s":{"a":0,"k":[100,100],"ix":3},"r":{"a":0,"k":0,"ix":6},"o":{"a":0,"k":100,"ix":7},"sk":{"a":0,"k":0,"ix":4},"sa":{"a":0,"k":0,"ix":5},"nm":"Transform"}],"nm":"Rectangle 1","np":3,"cix":2,"bm":0,"ix":1,"mn":"ADBE Vector Group","hd":false}],"ip":0,"op":300,"st":0,"ct":1,"bm":0},{"ddd":0,"ind":3,"ty":4,"nm":"Warstwa 2","sr":1,"ks":{"o":{"a":0,"k":100,"ix":11},"r":{"a":1,"k":[{"i":{"x":[0.833],"y":[0.833]},"o":{"x":[0.167],"y":[0.167]},"t":0,"s":[0]},{"i":{"x":[0.833],"y":[0.833]},"o":{"x":[0.167],"y":[0.167]},"t":2.5,"s":[-2]},{"i":{"x":[0.667],"y":[1]},"o":{"x":[0.167],"y":[0]},"t":10,"s":[4]},{"i":{"x":[0.667],"y":[1]},"o":{"x":[0.333],"y":[0]},"t":20,"s":[4]},{"t":30,"s":[0]}],"ix":10},"p":{"a":0,"k":[215,215,0],"ix":2,"l":2},"a":{"a":0,"k":[0,0,0],"ix":1,"l":2},"s":{"a":0,"k":[420,420,100],"ix":6,"l":2}},"ao":0,"shapes":[{"ty":"gr","it":[{"ind":0,"ty":"sh","ix":1,"ks":{"a":0,"k":{"i":[[0,0],[0,0]],"o":[[0,0],[0,0]],"v":[[38.555,0.125],[42.555,0.125]],"c":false},"ix":2},"nm":"Path 4","mn":"ADBE Vector Shape - Group","hd":false},{"ind":1,"ty":"sh","ix":2,"ks":{"a":0,"k":{"i":[[0,0],[0,0]],"o":[[0,0],[0,0]],"v":[[-42.32,0.125],[-38.32,0.125]],"c":false},"ix":2},"nm":"Path 5","mn":"ADBE Vector Shape - Group","hd":false},{"ind":2,"ty":"sh","ix":3,"ks":{"a":0,"k":{"i":[[0,-9.122],[9.122,0],[0,9.122],[-9.122,0]],"o":[[0,9.122],[-9.122,0],[0,-9.122],[9.122,0]],"v":[[-5.224,-0.157],[-21.742,16.36],[-38.259,-0.157],[-21.742,-16.675]],"c":true},"ix":2},"nm":"Path 1","mn":"ADBE Vector Shape - Group","hd":false},{"ind":3,"ty":"sh","ix":4,"ks":{"a":0,"k":{"i":[[0,-9.122],[9.122,0],[0,9.122],[-9.122,0]],"o":[[0,9.122],[-9.122,0],[0,-9.122],[9.122,0]],"v":[[38.715,-0.157],[22.197,16.36],[5.68,-0.157],[22.197,-16.675]],"c":true},"ix":2},"nm":"Path 2","mn":"ADBE Vector Shape - Group","hd":false},{"ind":4,"ty":"sh","ix":5,"ks":{"a":0,"k":{"i":[[-0.093,0.107],[-2.601,0],[-1.387,-1.454]],"o":[[1.387,-1.974],[2.174,0],[0,0]],"v":[[-5.572,-3.557],[0.71,-6.811],[6.245,-4.451]],"c":false},"ix":2},"nm":"Path 3","mn":"ADBE Vector Shape - Group","hd":false},{"ty":"st","c":{"a":0,"k":[0,0.592,0.918,1],"ix":3,"x":"var $bm_rt;\n$bm_rt = comp('wired-outline-243-glasses').layer('control').effect('primary')('Color');"},"o":{"a":0,"k":100,"ix":4},"w":{"a":0,"k":4.199999999999999,"ix":5,"x":"var $bm_rt;\n$bm_rt = $bm_mul($bm_div(value, 3), comp('wired-outline-243-glasses').layer('control').effect('stroke')('Menu'));"},"lc":2,"lj":2,"bm":0,"nm":".primary","mn":"ADBE Vector Graphic - Stroke","hd":false,"cl":"primary"},{"ty":"tr","p":{"a":0,"k":[0,0],"ix":2},"a":{"a":0,"k":[0,0],"ix":1},"s":{"a":0,"k":[100,100],"ix":3},"r":{"a":0,"k":0,"ix":6},"o":{"a":0,"k":100,"ix":7},"sk":{"a":0,"k":0,"ix":4},"sa":{"a":0,"k":0,"ix":5},"nm":"Transform"}],"nm":"Group 1","np":6,"cix":2,"bm":0,"ix":1,"mn":"ADBE Vector Group","hd":false}],"ip":0,"op":300,"st":0,"ct":1,"bm":0}]}],"layers":[{"ddd":0,"ind":1,"ty":3,"nm":"control","sr":1,"ks":{"o":{"a":0,"k":0,"ix":11},"r":{"a":0,"k":0,"ix":10},"p":{"a":0,"k":[0,0],"ix":2,"l":2},"a":{"a":0,"k":[0,0,0],"ix":1,"l":2},"s":{"a":0,"k":[100,100,100],"ix":6,"l":2}},"ao":0,"ef":[{"ty":5,"nm":"stroke","np":3,"mn":"Pseudo/@@G3Tcba1ZSbuGFyWE7OY24g","ix":1,"en":1,"ef":[{"ty":7,"nm":"Menu","mn":"Pseudo/@@G3Tcba1ZSbuGFyWE7OY24g-0001","ix":1,"v":{"a":0,"k":3,"ix":1}}]},{"ty":5,"nm":"primary","np":3,"mn":"ADBE Color Control","ix":2,"en":1,"ef":[{"ty":2,"nm":"Color","mn":"ADBE Color Control-0001","ix":1,"v":{"a":0,"k":[0,0.592,0.918],"ix":1}}]},{"ty":5,"nm":"secondary","np":3,"mn":"ADBE Color Control","ix":3,"en":1,"ef":[{"ty":2,"nm":"Color","mn":"ADBE Color Control-0001","ix":1,"v":{"a":0,"k":[0,0.592,0.918],"ix":1}}]}],"ip":0,"op":374,"st":0,"bm":0},{"ddd":0,"ind":2,"ty":0,"nm":"in-reveal","refId":"comp_0","sr":1,"ks":{"o":{"a":0,"k":100,"ix":11},"r":{"a":0,"k":0,"ix":10},"p":{"a":0,"k":[215,215,0],"ix":2,"l":2},"a":{"a":0,"k":[215,215,0],"ix":1,"l":2},"s":{"a":0,"k":[100,100,100],"ix":6,"l":2}},"ao":0,"w":430,"h":430,"ip":0,"op":70,"st":0,"bm":0},{"ddd":0,"ind":3,"ty":0,"nm":"hover-searching","refId":"comp_1","sr":1,"ks":{"o":{"a":0,"k":100,"ix":11},"r":{"a":0,"k":0,"ix":10},"p":{"a":0,"k":[215,215,0],"ix":2,"l":2},"a":{"a":0,"k":[215,215,0],"ix":1,"l":2},"s":{"a":0,"k":[100,100,100],"ix":6,"l":2}},"ao":0,"w":430,"h":430,"ip":70,"op":212.5,"st":70,"bm":0},{"ddd":0,"ind":4,"ty":0,"nm":"morph-eyes","refId":"comp_2","sr":1,"ks":{"o":{"a":0,"k":100,"ix":11},"r":{"a":0,"k":0,"ix":10},"p":{"a":0,"k":[215,215,0],"ix":2,"l":2},"a":{"a":0,"k":[215,215,0],"ix":1,"l":2},"s":{"a":0,"k":[100,100,100],"ix":6,"l":2}},"ao":0,"w":430,"h":430,"ip":212.5,"op":342.5,"st":212.5,"bm":0},{"ddd":0,"ind":5,"ty":0,"nm":"hover-blink","refId":"comp_3","sr":1,"ks":{"o":{"a":0,"k":100,"ix":11},"r":{"a":0,"k":0,"ix":10},"p":{"a":0,"k":[215,215,0],"ix":2,"l":2},"a":{"a":0,"k":[215,215,0],"ix":1,"l":2},"s":{"a":0,"k":[100,100,100],"ix":6,"l":2}},"ao":0,"w":430,"h":430,"ip":342.5,"op":382.5,"st":342.5,"bm":0}],"markers":[{"tm":0,"cm":"in-reveal","dr":60},{"tm":70,"cm":"default:hover-searching","dr":132.5},{"tm":212.5,"cm":"morph-eyes","dr":120},{"tm":342.5,"cm":"hover-blink","dr":30}],"props":{}}