{"v":"5.8.1","fr":60,"ip":99,"op":189,"w":430,"h":430,"nm":"186-puzzle-outline","ddd":0,"assets":[{"id":"comp_0","nm":"in-reveal","fr":60,"layers":[{"ddd":0,"ind":1,"ty":4,"nm":"Puzzle-4","sr":1,"ks":{"o":{"a":0,"k":100,"ix":11},"r":{"a":0,"k":0,"ix":10},"p":{"a":1,"k":[{"i":{"x":0.238,"y":1},"o":{"x":0.167,"y":0.167},"t":30,"s":[294.081,150.911,0],"to":[0,0,0],"ti":[0,0,0]},{"i":{"x":0.833,"y":0.833},"o":{"x":0.333,"y":0},"t":55,"s":[332.081,119.911,0],"to":[0,0,0],"ti":[0,0,0]},{"t":88,"s":[294.081,150.911,0]}],"ix":2,"l":2},"a":{"a":0,"k":[6.934,-5.31,0],"ix":1,"l":2},"s":{"a":0,"k":[387,387,100],"ix":6,"l":2}},"ao":0,"shapes":[{"ty":"gr","it":[{"ind":0,"ty":"sh","ix":1,"ks":{"a":1,"k":[{"i":{"x":0.419,"y":1},"o":{"x":0.167,"y":0.167},"t":31,"s":[{"i":[[0,0],[0,-0.048],[0.22,0],[0,0.22],[-0.016,0.083],[0,0],[0,0],[-0.048,0],[0,0.22],[0.22,0],[0.083,-0.016],[0,0],[0,-1.427]],"o":[[0.016,0.083],[0,0.22],[-0.22,0],[0,-0.048],[0,0],[0,0],[0.083,0.016],[0.22,0],[0,-0.22],[-0.048,0],[0,0],[1.428,0.001],[0,0]],"v":[[-12.222,10.609],[-12.198,10.812],[-12.597,11.21],[-12.996,10.812],[-12.971,10.609],[-13.888,10.609],[-13.888,9.691],[-13.685,9.715],[-13.286,9.316],[-13.685,8.917],[-13.888,8.941],[-13.888,8.023],[-11.304,10.609]],"c":true}]},{"i":{"x":0.833,"y":0.833},"o":{"x":0.592,"y":0.005},"t":55,"s":[{"i":[[0,0],[0,-0.894],[4.075,0],[0,4.075],[-0.292,1.53],[0,0],[0,0],[-0.894,0],[0,4.075],[4.075,0],[1.53,-0.292],[0,0],[0,-26.394]],"o":[[0.292,1.53],[0,4.075],[-4.075,0],[0,-0.894],[0,0],[0,0],[1.53,0.292],[4.075,0],[0,-4.075],[-0.894,0],[0,0],[26.411,0.017],[0,0]],"v":[[13.847,13.045],[14.294,16.793],[6.917,24.17],[-0.459,16.793],[-0.012,13.045],[-16.966,13.045],[-16.966,-3.943],[-13.218,-3.496],[-5.841,-10.873],[-13.218,-18.249],[-16.966,-17.802],[-16.966,-34.791],[30.835,13.045]],"c":true}]},{"t":88,"s":[{"i":[[0,0],[0,-0.779],[3.551,0],[0,3.551],[-0.255,1.334],[0,0],[0,0],[-0.779,0],[0,3.551],[3.551,0],[1.334,-0.255],[0,0],[0,-23]],"o":[[0.255,1.334],[0,3.551],[-3.551,0],[0,-0.779],[0,0],[0,0],[1.334,0.255],[3.551,0],[0,-3.551],[-0.779,0],[0,0],[23.015,0.015],[0,0]],"v":[[12.958,10.685],[13.347,13.951],[6.919,20.379],[0.491,13.951],[0.881,10.685],[-13.893,10.685],[-13.893,-4.119],[-10.627,-3.73],[-4.199,-10.158],[-10.627,-16.586],[-13.893,-16.196],[-13.893,-31],[27.762,10.685]],"c":true}]}],"ix":2},"nm":"Path 1","mn":"ADBE Vector Shape - Group","hd":false},{"ty":"tr","p":{"a":0,"k":[0,0],"ix":2},"a":{"a":0,"k":[0,0],"ix":1},"s":{"a":0,"k":[100,100],"ix":3},"r":{"a":0,"k":0,"ix":6},"o":{"a":0,"k":100,"ix":7},"sk":{"a":0,"k":0,"ix":4},"sa":{"a":0,"k":0,"ix":5},"nm":"Transform"}],"nm":"Group 1","np":1,"cix":2,"bm":0,"ix":1,"mn":"ADBE Vector Group","hd":false},{"ty":"st","c":{"a":0,"k":[0,0.592,0.918,1],"ix":3,"x":"var $bm_rt;\n$bm_rt = comp('186-puzzle-outline').layer('control').effect('secondary')('Color');"},"o":{"a":0,"k":100,"ix":4},"w":{"a":0,"k":3.22,"ix":5,"x":"var $bm_rt;\n$bm_rt = $bm_mul($bm_div(value, 2), comp('186-puzzle-outline').layer('control').effect('stroke')('Menu'));"},"lc":2,"lj":2,"bm":0,"nm":".secondary","mn":"ADBE Vector Graphic - Stroke","hd":false,"cl":"secondary"}],"ip":31,"op":329,"st":29,"bm":0},{"ddd":0,"ind":2,"ty":4,"nm":"mask","td":1,"sr":1,"ks":{"o":{"a":0,"k":100,"ix":11},"r":{"a":0,"k":0,"ix":10},"p":{"a":1,"k":[{"i":{"x":0.238,"y":1},"o":{"x":0.167,"y":0.167},"t":30,"s":[294.081,150.911,0],"to":[0,0,0],"ti":[0,0,0]},{"i":{"x":0.833,"y":0.833},"o":{"x":0.333,"y":0},"t":55,"s":[332.081,119.911,0],"to":[0,0,0],"ti":[0,0,0]},{"t":89,"s":[294.081,150.911,0]}],"ix":2,"l":2},"a":{"a":0,"k":[6.934,-5.31,0],"ix":1,"l":2},"s":{"a":0,"k":[387,387,100],"ix":6,"l":2}},"ao":0,"shapes":[{"ty":"gr","it":[{"ind":0,"ty":"sh","ix":1,"ks":{"a":1,"k":[{"i":{"x":0.419,"y":1},"o":{"x":0.167,"y":0.167},"t":31,"s":[{"i":[[0,0],[0,-0.048],[0.22,0],[0,0.22],[-0.016,0.083],[0,0],[0,0],[-0.048,0],[0,0.22],[0.22,0],[0.083,-0.016],[0,0],[0,-1.427]],"o":[[0.016,0.083],[0,0.22],[-0.22,0],[0,-0.048],[0,0],[0,0],[0.083,0.016],[0.22,0],[0,-0.22],[-0.048,0],[0,0],[1.428,0.001],[0,0]],"v":[[-12.222,10.609],[-12.198,10.812],[-12.597,11.21],[-12.996,10.812],[-12.971,10.609],[-13.888,10.609],[-13.888,9.691],[-13.685,9.715],[-13.286,9.316],[-13.685,8.917],[-13.888,8.941],[-13.888,8.023],[-11.304,10.609]],"c":true}]},{"i":{"x":0.833,"y":1},"o":{"x":0.592,"y":0.005},"t":55,"s":[{"i":[[0,0],[0,-0.894],[4.075,0],[0,4.075],[-0.292,1.53],[0,0],[0,0],[-0.894,0],[0,4.075],[4.075,0],[1.53,-0.292],[0,0],[0,-26.394]],"o":[[0.292,1.53],[0,4.075],[-4.075,0],[0,-0.894],[0,0],[0,0],[1.53,0.292],[4.075,0],[0,-4.075],[-0.894,0],[0,0],[26.411,0.017],[0,0]],"v":[[13.847,13.045],[14.294,16.793],[6.917,24.17],[-0.459,16.793],[-0.012,13.045],[-16.966,13.045],[-16.966,-3.943],[-13.218,-3.496],[-5.841,-10.873],[-13.218,-18.249],[-16.966,-17.802],[-16.966,-34.791],[30.835,13.045]],"c":true}]},{"t":82,"s":[{"i":[[0,0],[0,-0.779],[3.551,0],[0,3.551],[-0.255,1.334],[0,0],[0,0],[-0.779,0],[0,3.551],[3.551,0],[1.334,-0.255],[0,0],[0,-23]],"o":[[0.255,1.334],[0,3.551],[-3.551,0],[0,-0.779],[0,0],[0,0],[1.334,0.255],[3.551,0],[0,-3.551],[-0.779,0],[0,0],[23.015,0.015],[0,0]],"v":[[12.958,10.685],[13.347,13.951],[6.919,20.379],[0.491,13.951],[0.881,10.685],[-13.893,10.685],[-13.893,-4.119],[-10.627,-3.73],[-4.199,-10.158],[-10.627,-16.586],[-13.893,-16.196],[-13.893,-31],[27.762,10.685]],"c":true}]}],"ix":2},"nm":"Path 1","mn":"ADBE Vector Shape - Group","hd":false},{"ty":"tr","p":{"a":0,"k":[0,0],"ix":2},"a":{"a":0,"k":[0,0],"ix":1},"s":{"a":0,"k":[100,100],"ix":3},"r":{"a":0,"k":0,"ix":6},"o":{"a":0,"k":100,"ix":7},"sk":{"a":0,"k":0,"ix":4},"sa":{"a":0,"k":0,"ix":5},"nm":"Transform"}],"nm":"Group 1","np":1,"cix":2,"bm":0,"ix":1,"mn":"ADBE Vector Group","hd":false},{"ty":"fl","c":{"a":0,"k":[1,0,0,1],"ix":4},"o":{"a":0,"k":100,"ix":5},"r":1,"bm":0,"nm":"Fill 1","mn":"ADBE Vector Graphic - Fill","hd":false}],"ip":31,"op":329,"st":29,"bm":0},{"ddd":0,"ind":3,"ty":4,"nm":"Puzzle-3","tt":2,"sr":1,"ks":{"o":{"a":0,"k":100,"ix":11},"r":{"a":0,"k":270,"ix":10},"p":{"a":1,"k":[{"i":{"x":0.238,"y":1},"o":{"x":0.167,"y":0.167},"t":20,"s":[150.911,133.017,0],"to":[0,0,0],"ti":[0,0,0]},{"i":{"x":0.833,"y":0.833},"o":{"x":0.333,"y":0},"t":45,"s":[116.911,96.017,0],"to":[0,0,0],"ti":[0,0,0]},{"t":79,"s":[150.911,133.017,0]}],"ix":2,"l":2},"a":{"a":0,"k":[6.934,-5.31,0],"ix":1,"l":2},"s":{"a":0,"k":[387,387,100],"ix":6,"l":2}},"ao":0,"shapes":[{"ty":"gr","it":[{"ind":0,"ty":"sh","ix":1,"ks":{"a":1,"k":[{"i":{"x":0.419,"y":1},"o":{"x":0.167,"y":0.167},"t":21,"s":[{"i":[[0,0],[0,-0.063],[0.288,0],[0,0.288],[-0.021,0.108],[0,0],[0,0],[-0.063,0],[0,0.288],[0.288,0],[0.108,-0.021],[0,0],[0,-1.863]],"o":[[0.021,0.108],[0,0.288],[-0.288,0],[0,-0.063],[0,0],[0,0],[0.108,0.021],[0.288,0],[0,-0.288],[-0.063,0],[0,0],[1.864,0.001],[0,0]],"v":[[-11.571,10.492],[-11.54,10.756],[-12.06,11.277],[-12.581,10.756],[-12.55,10.492],[-13.746,10.492],[-13.746,9.293],[-13.482,9.324],[-12.961,8.804],[-13.482,8.283],[-13.746,8.315],[-13.746,7.116],[-10.372,10.492]],"c":true}]},{"i":{"x":0.833,"y":1},"o":{"x":0.592,"y":0},"t":45,"s":[{"i":[[0,0],[0,-0.86],[3.92,0],[0,3.92],[-0.281,1.472],[0,0],[0,0],[-0.86,0],[0,3.92],[3.92,0],[1.472,-0.281],[0,0],[0,-25.392]],"o":[[0.281,1.472],[0,3.92],[-3.921,0],[0,-0.86],[0,0],[0,0],[1.472,0.281],[3.92,0],[0,-3.92],[-0.86,0],[0,0],[25.408,0.017],[0,0]],"v":[[13.584,12.348],[14.014,15.954],[6.918,23.051],[-0.179,15.954],[0.251,12.348],[-16.059,12.348],[-16.059,-3.995],[-12.453,-3.565],[-5.356,-10.662],[-12.453,-17.758],[-16.059,-17.328],[-16.059,-33.671],[29.927,12.348]],"c":true}]},{"t":72,"s":[{"i":[[0,0],[0,-0.779],[3.551,0],[0,3.551],[-0.255,1.334],[0,0],[0,0],[-0.779,0],[0,3.551],[3.551,0],[1.334,-0.255],[0,0],[0,-23]],"o":[[0.255,1.334],[0,3.551],[-3.551,0],[0,-0.779],[0,0],[0,0],[1.334,0.255],[3.551,0],[0,-3.551],[-0.779,0],[0,0],[23.015,0.015],[0,0]],"v":[[12.958,10.685],[13.347,13.951],[6.919,20.379],[0.491,13.951],[0.881,10.685],[-13.893,10.685],[-13.893,-4.119],[-10.627,-3.73],[-4.199,-10.158],[-10.627,-16.586],[-13.893,-16.196],[-13.893,-31],[27.762,10.685]],"c":true}]}],"ix":2},"nm":"Path 1","mn":"ADBE Vector Shape - Group","hd":false},{"ty":"tr","p":{"a":0,"k":[0,0],"ix":2},"a":{"a":0,"k":[0,0],"ix":1},"s":{"a":0,"k":[100,100],"ix":3},"r":{"a":0,"k":0,"ix":6},"o":{"a":0,"k":100,"ix":7},"sk":{"a":0,"k":0,"ix":4},"sa":{"a":0,"k":0,"ix":5},"nm":"Transform"}],"nm":"Group 1","np":1,"cix":2,"bm":0,"ix":1,"mn":"ADBE Vector Group","hd":false},{"ty":"tm","s":{"a":1,"k":[{"i":{"x":[0.833],"y":[0.833]},"o":{"x":[0.167],"y":[0.167]},"t":88,"s":[0]},{"t":89,"s":[23.2]}],"ix":1},"e":{"a":1,"k":[{"i":{"x":[0.833],"y":[0.833]},"o":{"x":[0.167],"y":[0.167]},"t":88,"s":[100]},{"t":89,"s":[91]}],"ix":2},"o":{"a":0,"k":0,"ix":3},"m":1,"ix":2,"nm":"Trim Paths 1","mn":"ADBE Vector Filter - Trim","hd":false},{"ty":"st","c":{"a":0,"k":[0,0.592,0.918,1],"ix":3,"x":"var $bm_rt;\n$bm_rt = comp('186-puzzle-outline').layer('control').effect('primary')('Color');"},"o":{"a":0,"k":100,"ix":4},"w":{"a":0,"k":3.22,"ix":5,"x":"var $bm_rt;\n$bm_rt = $bm_mul($bm_div(value, 2), comp('186-puzzle-outline').layer('control').effect('stroke')('Menu'));"},"lc":2,"lj":2,"bm":0,"nm":".primary","mn":"ADBE Vector Graphic - Stroke","hd":false,"cl":"primary"}],"ip":21,"op":319,"st":19,"bm":0},{"ddd":0,"ind":4,"ty":4,"nm":"mask","td":1,"sr":1,"ks":{"o":{"a":0,"k":100,"ix":11},"r":{"a":0,"k":270,"ix":10},"p":{"a":1,"k":[{"i":{"x":0.238,"y":1},"o":{"x":0.167,"y":0.167},"t":20,"s":[150.911,133.017,0],"to":[0,0,0],"ti":[0,0,0]},{"i":{"x":0.833,"y":0.833},"o":{"x":0.333,"y":0},"t":45,"s":[116.911,96.017,0],"to":[0,0,0],"ti":[0,0,0]},{"t":79,"s":[150.911,133.017,0]}],"ix":2,"l":2},"a":{"a":0,"k":[6.934,-5.31,0],"ix":1,"l":2},"s":{"a":0,"k":[387,387,100],"ix":6,"l":2}},"ao":0,"shapes":[{"ty":"gr","it":[{"ind":0,"ty":"sh","ix":1,"ks":{"a":1,"k":[{"i":{"x":0.419,"y":1},"o":{"x":0.167,"y":0.167},"t":21,"s":[{"i":[[0,0],[0,-0.063],[0.288,0],[0,0.288],[-0.021,0.108],[0,0],[0,0],[-0.063,0],[0,0.288],[0.288,0],[0.108,-0.021],[0,0],[0,-1.863]],"o":[[0.021,0.108],[0,0.288],[-0.288,0],[0,-0.063],[0,0],[0,0],[0.108,0.021],[0.288,0],[0,-0.288],[-0.063,0],[0,0],[1.864,0.001],[0,0]],"v":[[-11.571,10.492],[-11.54,10.756],[-12.06,11.277],[-12.581,10.756],[-12.55,10.492],[-13.746,10.492],[-13.746,9.293],[-13.482,9.324],[-12.961,8.804],[-13.482,8.283],[-13.746,8.315],[-13.746,7.116],[-10.372,10.492]],"c":true}]},{"i":{"x":0.833,"y":1},"o":{"x":0.592,"y":0},"t":45,"s":[{"i":[[0,0],[0,-0.86],[3.92,0],[0,3.92],[-0.281,1.472],[0,0],[0,0],[-0.86,0],[0,3.92],[3.92,0],[1.472,-0.281],[0,0],[0,-25.392]],"o":[[0.281,1.472],[0,3.92],[-3.921,0],[0,-0.86],[0,0],[0,0],[1.472,0.281],[3.92,0],[0,-3.92],[-0.86,0],[0,0],[25.408,0.017],[0,0]],"v":[[13.584,12.348],[14.014,15.954],[6.918,23.051],[-0.179,15.954],[0.251,12.348],[-16.059,12.348],[-16.059,-3.995],[-12.453,-3.565],[-5.356,-10.662],[-12.453,-17.758],[-16.059,-17.328],[-16.059,-33.671],[29.927,12.348]],"c":true}]},{"t":72,"s":[{"i":[[0,0],[0,-0.779],[3.551,0],[0,3.551],[-0.255,1.334],[0,0],[0,0],[-0.779,0],[0,3.551],[3.551,0],[1.334,-0.255],[0,0],[0,-23]],"o":[[0.255,1.334],[0,3.551],[-3.551,0],[0,-0.779],[0,0],[0,0],[1.334,0.255],[3.551,0],[0,-3.551],[-0.779,0],[0,0],[23.015,0.015],[0,0]],"v":[[12.958,10.685],[13.347,13.951],[6.919,20.379],[0.491,13.951],[0.881,10.685],[-13.893,10.685],[-13.893,-4.119],[-10.627,-3.73],[-4.199,-10.158],[-10.627,-16.586],[-13.893,-16.196],[-13.893,-31],[27.762,10.685]],"c":true}]}],"ix":2},"nm":"Path 1","mn":"ADBE Vector Shape - Group","hd":false},{"ty":"tr","p":{"a":0,"k":[0,0],"ix":2},"a":{"a":0,"k":[0,0],"ix":1},"s":{"a":0,"k":[100,100],"ix":3},"r":{"a":0,"k":0,"ix":6},"o":{"a":0,"k":100,"ix":7},"sk":{"a":0,"k":0,"ix":4},"sa":{"a":0,"k":0,"ix":5},"nm":"Transform"}],"nm":"Group 1","np":1,"cix":2,"bm":0,"ix":1,"mn":"ADBE Vector Group","hd":false},{"ty":"tm","s":{"a":0,"k":0,"ix":1},"e":{"a":0,"k":100,"ix":2},"o":{"a":0,"k":0,"ix":3},"m":1,"ix":2,"nm":"Trim Paths 1","mn":"ADBE Vector Filter - Trim","hd":false},{"ty":"fl","c":{"a":0,"k":[1,0,0,1],"ix":4},"o":{"a":0,"k":100,"ix":5},"r":1,"bm":0,"nm":"Fill 1","mn":"ADBE Vector Graphic - Fill","hd":false}],"ip":21,"op":319,"st":19,"bm":0},{"ddd":0,"ind":5,"ty":4,"nm":"Puzzle-2","tt":2,"sr":1,"ks":{"o":{"a":0,"k":100,"ix":11},"r":{"a":0,"k":180,"ix":10},"p":{"a":1,"k":[{"i":{"x":0.238,"y":1},"o":{"x":0.167,"y":0.167},"t":10,"s":[132.049,276.186,0],"to":[0,0,0],"ti":[0,0,0]},{"i":{"x":0.833,"y":0.833},"o":{"x":0.333,"y":0},"t":35,"s":[101.049,305.686,0],"to":[0,0,0],"ti":[0,0,0]},{"t":69,"s":[132.049,276.186,0]}],"ix":2,"l":2},"a":{"a":0,"k":[6.934,-5.31,0],"ix":1,"l":2},"s":{"a":0,"k":[387,387,100],"ix":6,"l":2}},"ao":0,"shapes":[{"ty":"gr","it":[{"ind":0,"ty":"sh","ix":1,"ks":{"a":1,"k":[{"i":{"x":0.419,"y":1},"o":{"x":0.167,"y":0.167},"t":11,"s":[{"i":[[0,0],[0,-0.043],[0.198,0],[0,0.198],[-0.014,0.074],[0,0],[0,0],[-0.043,0],[0,0.198],[0.198,0],[0.074,-0.014],[0,0],[0,-1.281]],"o":[[0.014,0.074],[0,0.198],[-0.198,0],[0,-0.043],[0,0],[0,0],[0.074,0.014],[0.198,0],[0,-0.198],[-0.043,0],[0,0],[1.282,0.001],[0,0]],"v":[[-11.995,10.754],[-11.973,10.936],[-12.331,11.294],[-12.689,10.936],[-12.667,10.754],[-13.49,10.754],[-13.49,9.93],[-13.308,9.952],[-12.95,9.594],[-13.308,9.236],[-13.49,9.257],[-13.49,8.433],[-11.17,10.754]],"c":true}]},{"i":{"x":0.833,"y":1},"o":{"x":0.606,"y":0},"t":35,"s":[{"i":[[0,0],[0,-0.911],[4.15,0],[0,4.15],[-0.298,1.558],[0,0],[0,0],[-0.911,0],[0,4.15],[4.15,0],[1.558,-0.298],[0,0],[0,-26.879]],"o":[[0.298,1.558],[0,4.15],[-4.15,0],[0,-0.911],[0,0],[0,0],[1.558,0.298],[4.15,0],[0,-4.15],[-0.911,0],[0,0],[26.897,0.018],[0,0]],"v":[[13.974,13.382],[14.429,17.2],[6.917,24.712],[-0.595,17.2],[-0.14,13.382],[-17.406,13.382],[-17.406,-3.918],[-13.588,-3.463],[-6.076,-10.975],[-13.588,-18.487],[-17.406,-18.032],[-17.406,-35.333],[31.274,13.382]],"c":true}]},{"t":62,"s":[{"i":[[0,0],[0,-0.779],[3.551,0],[0,3.551],[-0.255,1.334],[0,0],[0,0],[-0.779,0],[0,3.551],[3.551,0],[1.334,-0.255],[0,0],[0,-23]],"o":[[0.255,1.334],[0,3.551],[-3.551,0],[0,-0.779],[0,0],[0,0],[1.334,0.255],[3.551,0],[0,-3.551],[-0.779,0],[0,0],[23.015,0.015],[0,0]],"v":[[12.958,10.685],[13.347,13.951],[6.919,20.379],[0.491,13.951],[0.881,10.685],[-13.893,10.685],[-13.893,-4.119],[-10.627,-3.73],[-4.199,-10.158],[-10.627,-16.586],[-13.893,-16.196],[-13.893,-31],[27.762,10.685]],"c":true}]}],"ix":2},"nm":"Path 1","mn":"ADBE Vector Shape - Group","hd":false},{"ty":"tr","p":{"a":0,"k":[0,0],"ix":2},"a":{"a":0,"k":[0,0],"ix":1},"s":{"a":0,"k":[100,100],"ix":3},"r":{"a":0,"k":0,"ix":6},"o":{"a":0,"k":100,"ix":7},"sk":{"a":0,"k":0,"ix":4},"sa":{"a":0,"k":0,"ix":5},"nm":"Transform"}],"nm":"Group 1","np":1,"cix":2,"bm":0,"ix":1,"mn":"ADBE Vector Group","hd":false},{"ty":"st","c":{"a":0,"k":[0,0.592,0.918,1],"ix":3,"x":"var $bm_rt;\n$bm_rt = comp('186-puzzle-outline').layer('control').effect('primary')('Color');"},"o":{"a":0,"k":100,"ix":4},"w":{"a":0,"k":3.22,"ix":5,"x":"var $bm_rt;\n$bm_rt = $bm_mul($bm_div(value, 2), comp('186-puzzle-outline').layer('control').effect('stroke')('Menu'));"},"lc":2,"lj":2,"bm":0,"nm":".primary","mn":"ADBE Vector Graphic - Stroke","hd":false,"cl":"primary"}],"ip":11,"op":309,"st":9,"bm":0},{"ddd":0,"ind":6,"ty":0,"nm":"mask","td":1,"refId":"comp_1","sr":1,"ks":{"o":{"a":0,"k":100,"ix":11},"r":{"a":0,"k":0,"ix":10},"p":{"a":0,"k":[215,215,0],"ix":2,"l":2},"a":{"a":0,"k":[215,215,0],"ix":1,"l":2},"s":{"a":0,"k":[100,100,100],"ix":6,"l":2}},"ao":0,"w":430,"h":430,"ip":0,"op":1080,"st":0,"bm":0},{"ddd":0,"ind":7,"ty":4,"nm":"Puzzle-1","tt":2,"sr":1,"ks":{"o":{"a":0,"k":100,"ix":11},"r":{"a":0,"k":90,"ix":10},"p":{"a":1,"k":[{"i":{"x":0.238,"y":1},"o":{"x":0.167,"y":0.167},"t":0,"s":[275.219,294.081,0],"to":[0,0,0],"ti":[0,0,0]},{"i":{"x":0.833,"y":0.833},"o":{"x":0.333,"y":0},"t":25,"s":[309.219,330.081,0],"to":[0,0,0],"ti":[0,0,0]},{"t":59,"s":[275.219,294.081,0]}],"ix":2,"l":2},"a":{"a":0,"k":[6.934,-5.31,0],"ix":1,"l":2},"s":{"a":0,"k":[387,387,100],"ix":6,"l":2}},"ao":0,"shapes":[{"ty":"gr","it":[{"ind":0,"ty":"sh","ix":1,"ks":{"a":1,"k":[{"i":{"x":0.419,"y":1},"o":{"x":0.167,"y":0.167},"t":1,"s":[{"i":[[0,0],[0,-0.029],[0.131,0],[0,0.131],[-0.009,0.049],[0,0],[0,0],[-0.029,0],[0,0.131],[0.131,0],[0.049,-0.009],[0,0],[0,-0.851]],"o":[[0.009,0.049],[0,0.131],[-0.131,0],[0,-0.029],[0,0],[0,0],[0.049,0.009],[0.131,0],[0,-0.131],[-0.029,0],[0,0],[0.852,0.001],[0,0]],"v":[[-12.894,10.888],[-12.88,11.009],[-13.118,11.247],[-13.355,11.009],[-13.341,10.888],[-13.888,10.888],[-13.888,10.34],[-13.767,10.355],[-13.529,10.117],[-13.767,9.879],[-13.888,9.893],[-13.888,9.346],[-12.346,10.888]],"c":true}]},{"i":{"x":0.833,"y":1},"o":{"x":0.592,"y":0},"t":25,"s":[{"i":[[0,0],[0,-0.89],[4.057,0],[0,4.057],[-0.291,1.523],[0,0],[0,0],[-0.89,0],[0,4.057],[4.057,0],[1.523,-0.291],[0,0],[0,-26.276]],"o":[[0.291,1.523],[0,4.057],[-4.057,0],[0,-0.89],[0,0],[0,0],[1.523,0.291],[4.057,0],[0,-4.057],[-0.89,0],[0,0],[26.293,0.017],[0,0]],"v":[[13.816,12.963],[14.261,16.694],[6.917,24.038],[-0.426,16.694],[0.019,12.963],[-16.859,12.963],[-16.859,-3.949],[-13.128,-3.504],[-5.784,-10.848],[-13.128,-18.191],[-16.859,-17.746],[-16.859,-34.658],[30.728,12.963]],"c":true}]},{"t":52,"s":[{"i":[[0,0],[0,-0.779],[3.551,0],[0,3.551],[-0.255,1.334],[0,0],[0,0],[-0.779,0],[0,3.551],[3.551,0],[1.334,-0.255],[0,0],[0,-23]],"o":[[0.255,1.334],[0,3.551],[-3.551,0],[0,-0.779],[0,0],[0,0],[1.334,0.255],[3.551,0],[0,-3.551],[-0.779,0],[0,0],[23.015,0.015],[0,0]],"v":[[12.958,10.685],[13.347,13.951],[6.919,20.379],[0.491,13.951],[0.881,10.685],[-13.893,10.685],[-13.893,-4.119],[-10.627,-3.73],[-4.199,-10.158],[-10.627,-16.586],[-13.893,-16.196],[-13.893,-31],[27.762,10.685]],"c":true}]}],"ix":2},"nm":"Path 1","mn":"ADBE Vector Shape - Group","hd":false},{"ty":"tr","p":{"a":0,"k":[0,0],"ix":2},"a":{"a":0,"k":[0,0],"ix":1},"s":{"a":0,"k":[100,100],"ix":3},"r":{"a":0,"k":0,"ix":6},"o":{"a":0,"k":100,"ix":7},"sk":{"a":0,"k":0,"ix":4},"sa":{"a":0,"k":0,"ix":5},"nm":"Transform"}],"nm":"Group 1","np":1,"cix":2,"bm":0,"ix":1,"mn":"ADBE Vector Group","hd":false},{"ty":"st","c":{"a":0,"k":[0,0.592,0.918,1],"ix":3,"x":"var $bm_rt;\n$bm_rt = comp('186-puzzle-outline').layer('control').effect('primary')('Color');"},"o":{"a":0,"k":100,"ix":4},"w":{"a":0,"k":3.22,"ix":5,"x":"var $bm_rt;\n$bm_rt = $bm_mul($bm_div(value, 2), comp('186-puzzle-outline').layer('control').effect('stroke')('Menu'));"},"lc":2,"lj":2,"bm":0,"nm":".primary","mn":"ADBE Vector Graphic - Stroke","hd":false,"cl":"primary"},{"ty":"tm","s":{"a":1,"k":[{"i":{"x":[0.833],"y":[0.833]},"o":{"x":[0.167],"y":[0.167]},"t":88,"s":[0]},{"t":89,"s":[23]}],"ix":1},"e":{"a":1,"k":[{"i":{"x":[0.833],"y":[0.833]},"o":{"x":[0.167],"y":[0.167]},"t":88,"s":[100]},{"t":89,"s":[91]}],"ix":2},"o":{"a":0,"k":116,"ix":3},"m":1,"ix":3,"nm":"Trim Paths 1","mn":"ADBE Vector Filter - Trim","hd":false}],"ip":1,"op":299,"st":-1,"bm":0}]},{"id":"comp_1","nm":"mask","fr":60,"layers":[{"ddd":0,"ind":1,"ty":4,"nm":"mask","sr":1,"ks":{"o":{"a":0,"k":100,"ix":11},"r":{"a":0,"k":180,"ix":10},"p":{"a":1,"k":[{"i":{"x":0.238,"y":1},"o":{"x":0.167,"y":0.167},"t":10,"s":[132.049,276.186,0],"to":[0,0,0],"ti":[0,0,0]},{"i":{"x":0.833,"y":0.833},"o":{"x":0.333,"y":0},"t":35,"s":[101.049,305.686,0],"to":[0,0,0],"ti":[0,0,0]},{"t":69,"s":[132.049,276.186,0]}],"ix":2,"l":2},"a":{"a":0,"k":[6.934,-5.31,0],"ix":1,"l":2},"s":{"a":0,"k":[387,387,100],"ix":6,"l":2}},"ao":0,"shapes":[{"ty":"gr","it":[{"ind":0,"ty":"sh","ix":1,"ks":{"a":1,"k":[{"i":{"x":0.419,"y":1},"o":{"x":0.167,"y":0.167},"t":11,"s":[{"i":[[0,0],[0,-0.043],[0.198,0],[0,0.198],[-0.014,0.074],[0,0],[0,0],[-0.043,0],[0,0.198],[0.198,0],[0.074,-0.014],[0,0],[0,-1.281]],"o":[[0.014,0.074],[0,0.198],[-0.198,0],[0,-0.043],[0,0],[0,0],[0.074,0.014],[0.198,0],[0,-0.198],[-0.043,0],[0,0],[1.282,0.001],[0,0]],"v":[[-11.995,10.754],[-11.973,10.936],[-12.331,11.294],[-12.689,10.936],[-12.667,10.754],[-13.49,10.754],[-13.49,9.93],[-13.308,9.952],[-12.95,9.594],[-13.308,9.236],[-13.49,9.257],[-13.49,8.433],[-11.17,10.754]],"c":true}]},{"i":{"x":0.833,"y":1},"o":{"x":0.606,"y":0},"t":35,"s":[{"i":[[0,0],[0,-0.911],[4.15,0],[0,4.15],[-0.298,1.558],[0,0],[0,0],[-0.911,0],[0,4.15],[4.15,0],[1.558,-0.298],[0,0],[0,-26.879]],"o":[[0.298,1.558],[0,4.15],[-4.15,0],[0,-0.911],[0,0],[0,0],[1.558,0.298],[4.15,0],[0,-4.15],[-0.911,0],[0,0],[26.897,0.018],[0,0]],"v":[[13.974,13.382],[14.429,17.2],[6.917,24.712],[-0.595,17.2],[-0.14,13.382],[-17.406,13.382],[-17.406,-3.918],[-13.588,-3.463],[-6.076,-10.975],[-13.588,-18.487],[-17.406,-18.032],[-17.406,-35.333],[31.274,13.382]],"c":true}]},{"t":62,"s":[{"i":[[0,0],[0,-0.779],[3.551,0],[0,3.551],[-0.255,1.334],[0,0],[0,0],[-0.779,0],[0,3.551],[3.551,0],[1.334,-0.255],[0,0],[0,-23]],"o":[[0.255,1.334],[0,3.551],[-3.551,0],[0,-0.779],[0,0],[0,0],[1.334,0.255],[3.551,0],[0,-3.551],[-0.779,0],[0,0],[23.015,0.015],[0,0]],"v":[[12.958,10.685],[13.347,13.951],[6.919,20.379],[0.491,13.951],[0.881,10.685],[-13.893,10.685],[-13.893,-4.119],[-10.627,-3.73],[-4.199,-10.158],[-10.627,-16.586],[-13.893,-16.196],[-13.893,-31],[27.762,10.685]],"c":true}]}],"ix":2},"nm":"Path 1","mn":"ADBE Vector Shape - Group","hd":false},{"ty":"tr","p":{"a":0,"k":[0,0],"ix":2},"a":{"a":0,"k":[0,0],"ix":1},"s":{"a":0,"k":[100,100],"ix":3},"r":{"a":0,"k":0,"ix":6},"o":{"a":0,"k":100,"ix":7},"sk":{"a":0,"k":0,"ix":4},"sa":{"a":0,"k":0,"ix":5},"nm":"Transform"}],"nm":"Group 1","np":1,"cix":2,"bm":0,"ix":1,"mn":"ADBE Vector Group","hd":false},{"ty":"fl","c":{"a":0,"k":[1,0,0,1],"ix":4},"o":{"a":0,"k":100,"ix":5},"r":1,"bm":0,"nm":"Fill 1","mn":"ADBE Vector Graphic - Fill","hd":false}],"ip":11,"op":309,"st":9,"bm":0},{"ddd":0,"ind":2,"ty":4,"nm":"mask","sr":1,"ks":{"o":{"a":0,"k":100,"ix":11},"r":{"a":0,"k":0,"ix":10},"p":{"a":1,"k":[{"i":{"x":0.238,"y":1},"o":{"x":0.167,"y":0.167},"t":30,"s":[294.081,150.911,0],"to":[0,0,0],"ti":[0,0,0]},{"i":{"x":0.833,"y":0.833},"o":{"x":0.333,"y":0},"t":55,"s":[332.081,119.911,0],"to":[0,0,0],"ti":[0,0,0]},{"t":89,"s":[294.081,150.911,0]}],"ix":2,"l":2},"a":{"a":0,"k":[6.934,-5.31,0],"ix":1,"l":2},"s":{"a":0,"k":[387,387,100],"ix":6,"l":2}},"ao":0,"shapes":[{"ty":"gr","it":[{"ind":0,"ty":"sh","ix":1,"ks":{"a":1,"k":[{"i":{"x":0.419,"y":1},"o":{"x":0.167,"y":0.167},"t":31,"s":[{"i":[[0,0],[0,-0.048],[0.22,0],[0,0.22],[-0.016,0.083],[0,0],[0,0],[-0.048,0],[0,0.22],[0.22,0],[0.083,-0.016],[0,0],[0,-1.427]],"o":[[0.016,0.083],[0,0.22],[-0.22,0],[0,-0.048],[0,0],[0,0],[0.083,0.016],[0.22,0],[0,-0.22],[-0.048,0],[0,0],[1.428,0.001],[0,0]],"v":[[-12.222,10.609],[-12.198,10.812],[-12.597,11.21],[-12.996,10.812],[-12.971,10.609],[-13.888,10.609],[-13.888,9.691],[-13.685,9.715],[-13.286,9.316],[-13.685,8.917],[-13.888,8.941],[-13.888,8.023],[-11.304,10.609]],"c":true}]},{"i":{"x":0.833,"y":1},"o":{"x":0.597,"y":0},"t":55,"s":[{"i":[[0,0],[0,-0.894],[4.075,0],[0,4.075],[-0.292,1.53],[0,0],[0,0],[-0.894,0],[0,4.075],[4.075,0],[1.53,-0.292],[0,0],[0,-26.394]],"o":[[0.292,1.53],[0,4.075],[-4.075,0],[0,-0.894],[0,0],[0,0],[1.53,0.292],[4.075,0],[0,-4.075],[-0.894,0],[0,0],[26.411,0.017],[0,0]],"v":[[13.847,13.045],[14.294,16.793],[6.917,24.17],[-0.459,16.793],[-0.012,13.045],[-16.966,13.045],[-16.966,-3.943],[-13.218,-3.496],[-5.841,-10.873],[-13.218,-18.249],[-16.966,-17.802],[-16.966,-34.791],[30.835,13.045]],"c":true}]},{"t":82,"s":[{"i":[[0,0],[0,-0.779],[3.551,0],[0,3.551],[-0.255,1.334],[0,0],[0,0],[-0.779,0],[0,3.551],[3.551,0],[1.334,-0.255],[0,0],[0,-23]],"o":[[0.255,1.334],[0,3.551],[-3.551,0],[0,-0.779],[0,0],[0,0],[1.334,0.255],[3.551,0],[0,-3.551],[-0.779,0],[0,0],[23.015,0.015],[0,0]],"v":[[12.958,10.685],[13.347,13.951],[6.919,20.379],[0.491,13.951],[0.881,10.685],[-13.893,10.685],[-13.893,-4.119],[-10.627,-3.73],[-4.199,-10.158],[-10.627,-16.586],[-13.893,-16.196],[-13.893,-31],[27.762,10.685]],"c":true}]}],"ix":2},"nm":"Path 1","mn":"ADBE Vector Shape - Group","hd":false},{"ty":"tr","p":{"a":0,"k":[0,0],"ix":2},"a":{"a":0,"k":[0,0],"ix":1},"s":{"a":0,"k":[100,100],"ix":3},"r":{"a":0,"k":0,"ix":6},"o":{"a":0,"k":100,"ix":7},"sk":{"a":0,"k":0,"ix":4},"sa":{"a":0,"k":0,"ix":5},"nm":"Transform"}],"nm":"Group 1","np":1,"cix":2,"bm":0,"ix":1,"mn":"ADBE Vector Group","hd":false},{"ty":"fl","c":{"a":0,"k":[1,0,0,1],"ix":4},"o":{"a":0,"k":100,"ix":5},"r":1,"bm":0,"nm":"Fill 1","mn":"ADBE Vector Graphic - Fill","hd":false}],"ip":31,"op":329,"st":29,"bm":0}]},{"id":"comp_2","nm":"hover-detach","fr":60,"layers":[{"ddd":0,"ind":1,"ty":3,"nm":"NULL","sr":1,"ks":{"o":{"a":0,"k":0,"ix":11},"r":{"a":1,"k":[{"i":{"x":[0.667],"y":[1]},"o":{"x":[0.167],"y":[0.167]},"t":0,"s":[0]},{"i":{"x":[0.667],"y":[1]},"o":{"x":[0.333],"y":[0]},"t":6,"s":[-6]},{"i":{"x":[0.667],"y":[1]},"o":{"x":[0.333],"y":[0]},"t":13.199,"s":[0]},{"i":{"x":[0.667],"y":[1]},"o":{"x":[0.167],"y":[0]},"t":57.6,"s":[0]},{"i":{"x":[0.42],"y":[1]},"o":{"x":[0.333],"y":[0]},"t":75,"s":[-10]},{"t":90,"s":[0]}],"ix":10},"p":{"a":1,"k":[{"i":{"x":0.667,"y":1},"o":{"x":0.167,"y":0.167},"t":0,"s":[215,215,0],"to":[-1.792,1.792,0],"ti":[0,0,0]},{"i":{"x":0.667,"y":1},"o":{"x":0.333,"y":0},"t":6,"s":[204.25,225.75,0],"to":[0,0,0],"ti":[-1.792,1.792,0]},{"i":{"x":0.667,"y":0.667},"o":{"x":0.333,"y":0.333},"t":13.199,"s":[215,215,0],"to":[0,0,0],"ti":[0,0,0]},{"i":{"x":0.667,"y":1},"o":{"x":0.167,"y":0},"t":57.6,"s":[215,215,0],"to":[-3.125,2.292,0],"ti":[4.125,-3.125,0]},{"i":{"x":0.42,"y":1},"o":{"x":0.333,"y":0},"t":67.801,"s":[196.25,228.75,0],"to":[1.5,-1,0],"ti":[-3.125,2.292,0]},{"t":87.599609375,"s":[215,215,0]}],"ix":2,"l":2},"a":{"a":0,"k":[60,60,0],"ix":1,"l":2},"s":{"a":0,"k":[387,387,100],"ix":6,"l":2}},"ao":0,"ip":0,"op":1080,"st":0,"bm":0},{"ddd":0,"ind":2,"ty":4,"nm":"Warstwa 5","parent":1,"sr":1,"ks":{"o":{"a":0,"k":100,"ix":11},"r":{"a":1,"k":[{"i":{"x":[0.21],"y":[1]},"o":{"x":[0.167],"y":[0.167]},"t":6,"s":[0]},{"i":{"x":[0.833],"y":[0.833]},"o":{"x":[0.764],"y":[0]},"t":30,"s":[6]},{"t":60,"s":[0]}],"ix":10},"p":{"a":1,"k":[{"i":{"x":0.21,"y":1},"o":{"x":0.167,"y":0.167},"t":6,"s":[80.434,43.44,0],"to":[2.257,-1.251,0],"ti":[0,0,0]},{"i":{"x":0.833,"y":0.833},"o":{"x":0.764,"y":0},"t":30,"s":[93.974,35.933,0],"to":[0,0,0],"ti":[2.257,-1.251,0]},{"t":60,"s":[80.434,43.44,0]}],"ix":2,"l":2},"a":{"a":0,"k":[6.934,-5.31,0],"ix":1,"l":2},"s":{"a":0,"k":[100,100,100],"ix":6,"l":2}},"ao":0,"shapes":[{"ty":"gr","it":[{"ind":0,"ty":"sh","ix":1,"ks":{"a":0,"k":{"i":[[0,0],[0,-0.779],[3.551,0],[0,3.551],[-0.255,1.334],[0,0],[0,0],[-0.779,0],[0,3.551],[3.551,0],[1.334,-0.255],[0,0],[0,-23]],"o":[[0.255,1.334],[0,3.551],[-3.551,0],[0,-0.779],[0,0],[0,0],[1.334,0.255],[3.551,0],[0,-3.551],[-0.779,0],[0,0],[23.015,0.015],[0,0]],"v":[[12.958,10.685],[13.347,13.951],[6.919,20.379],[0.491,13.951],[0.881,10.685],[-13.893,10.685],[-13.893,-4.119],[-10.627,-3.73],[-4.199,-10.158],[-10.627,-16.586],[-13.893,-16.196],[-13.893,-31],[27.762,10.685]],"c":true},"ix":2},"nm":"Path 1","mn":"ADBE Vector Shape - Group","hd":false},{"ty":"tr","p":{"a":0,"k":[0,0],"ix":2},"a":{"a":0,"k":[0,0],"ix":1},"s":{"a":0,"k":[100,100],"ix":3},"r":{"a":0,"k":0,"ix":6},"o":{"a":0,"k":100,"ix":7},"sk":{"a":0,"k":0,"ix":4},"sa":{"a":0,"k":0,"ix":5},"nm":"Transform"}],"nm":"Group 1","np":1,"cix":2,"bm":0,"ix":1,"mn":"ADBE Vector Group","hd":false},{"ty":"st","c":{"a":0,"k":[0,0.592,0.918,1],"ix":3,"x":"var $bm_rt;\n$bm_rt = comp('186-puzzle-outline').layer('control').effect('secondary')('Color');"},"o":{"a":0,"k":100,"ix":4},"w":{"a":0,"k":3.22,"ix":5,"x":"var $bm_rt;\n$bm_rt = $bm_mul($bm_div(value, 2), comp('186-puzzle-outline').layer('control').effect('stroke')('Menu'));"},"lc":2,"lj":2,"bm":0,"nm":".secondary","mn":"ADBE Vector Graphic - Stroke","hd":false,"cl":"secondary"}],"ip":0,"op":1080,"st":0,"bm":0},{"ddd":0,"ind":3,"ty":4,"nm":"Warstwa 6","parent":1,"td":1,"sr":1,"ks":{"o":{"a":0,"k":100,"ix":11},"r":{"a":1,"k":[{"i":{"x":[0.21],"y":[1]},"o":{"x":[0.167],"y":[0.167]},"t":6,"s":[0]},{"i":{"x":[0.833],"y":[0.833]},"o":{"x":[0.764],"y":[0]},"t":30,"s":[6]},{"t":60,"s":[0]}],"ix":10},"p":{"a":1,"k":[{"i":{"x":0.21,"y":1},"o":{"x":0.167,"y":0.167},"t":6,"s":[80.434,43.44,0],"to":[2.257,-1.251,0],"ti":[0,0,0]},{"i":{"x":0.833,"y":0.833},"o":{"x":0.764,"y":0},"t":30,"s":[93.974,35.933,0],"to":[0,0,0],"ti":[2.257,-1.251,0]},{"t":60,"s":[80.434,43.44,0]}],"ix":2,"l":2},"a":{"a":0,"k":[6.934,-5.31,0],"ix":1,"l":2},"s":{"a":0,"k":[100,100,100],"ix":6,"l":2}},"ao":0,"shapes":[{"ty":"gr","it":[{"ind":0,"ty":"sh","ix":1,"ks":{"a":0,"k":{"i":[[0,0],[0,-0.779],[3.551,0],[0,3.551],[-0.255,1.334],[0,0],[0,0],[-0.779,0],[0,3.551],[3.551,0],[1.334,-0.255],[0,0],[0,-23]],"o":[[0.255,1.334],[0,3.551],[-3.551,0],[0,-0.779],[0,0],[0,0],[1.334,0.255],[3.551,0],[0,-3.551],[-0.779,0],[0,0],[23.015,0.015],[0,0]],"v":[[12.958,10.685],[13.347,13.951],[6.919,20.379],[0.491,13.951],[0.881,10.685],[-13.893,10.685],[-13.893,-4.119],[-10.627,-3.73],[-4.199,-10.158],[-10.627,-16.586],[-13.893,-16.196],[-13.893,-31],[27.762,10.685]],"c":true},"ix":2},"nm":"Path 1","mn":"ADBE Vector Shape - Group","hd":false},{"ty":"tr","p":{"a":0,"k":[0,0],"ix":2},"a":{"a":0,"k":[0,0],"ix":1},"s":{"a":0,"k":[100,100],"ix":3},"r":{"a":0,"k":0,"ix":6},"o":{"a":0,"k":100,"ix":7},"sk":{"a":0,"k":0,"ix":4},"sa":{"a":0,"k":0,"ix":5},"nm":"Transform"}],"nm":"Group 1","np":1,"cix":2,"bm":0,"ix":1,"mn":"ADBE Vector Group","hd":false},{"ty":"fl","c":{"a":0,"k":[0,0.592,0.918,1],"ix":4,"x":"var $bm_rt;\n$bm_rt = comp('186-puzzle-outline').layer('control').effect('secondary')('Color');"},"o":{"a":0,"k":100,"ix":5},"r":1,"bm":0,"nm":".secondary","mn":"ADBE Vector Graphic - Fill","hd":false,"cl":"secondary"},{"ty":"st","c":{"a":0,"k":[0,0.592,0.918,1],"ix":3,"x":"var $bm_rt;\n$bm_rt = comp('186-puzzle-outline').layer('control').effect('secondary')('Color');"},"o":{"a":0,"k":100,"ix":4},"w":{"a":0,"k":0,"ix":5,"x":"var $bm_rt;\n$bm_rt = $bm_mul($bm_div(value, 2), comp('186-puzzle-outline').layer('control').effect('stroke')('Menu'));"},"lc":2,"lj":2,"bm":0,"nm":".secondary","mn":"ADBE Vector Graphic - Stroke","hd":false,"cl":"secondary"}],"ip":0,"op":1080,"st":0,"bm":0},{"ddd":0,"ind":4,"ty":4,"nm":"Warstwa 4","parent":1,"tt":2,"sr":1,"ks":{"o":{"a":0,"k":100,"ix":11},"r":{"a":0,"k":270,"ix":10},"p":{"a":0,"k":[43.44,38.816,0],"ix":2,"l":2},"a":{"a":0,"k":[6.934,-5.31,0],"ix":1,"l":2},"s":{"a":0,"k":[100,100,100],"ix":6,"l":2}},"ao":0,"shapes":[{"ty":"gr","it":[{"ind":0,"ty":"sh","ix":1,"ks":{"a":0,"k":{"i":[[0,0],[0,-0.779],[3.551,0],[0,3.551],[-0.255,1.334],[0,0],[0,0],[-0.779,0],[0,3.551],[3.551,0],[1.334,-0.255],[0,0],[0,-23]],"o":[[0.255,1.334],[0,3.551],[-3.551,0],[0,-0.779],[0,0],[0,0],[1.334,0.255],[3.551,0],[0,-3.551],[-0.779,0],[0,0],[23.015,0.015],[0,0]],"v":[[12.958,10.685],[13.347,13.951],[6.919,20.379],[0.491,13.951],[0.881,10.685],[-13.893,10.685],[-13.893,-4.119],[-10.627,-3.73],[-4.199,-10.158],[-10.627,-16.586],[-13.893,-16.196],[-13.893,-31],[27.762,10.685]],"c":true},"ix":2},"nm":"Path 1","mn":"ADBE Vector Shape - Group","hd":false},{"ty":"tr","p":{"a":0,"k":[0,0],"ix":2},"a":{"a":0,"k":[0,0],"ix":1},"s":{"a":0,"k":[100,100],"ix":3},"r":{"a":0,"k":0,"ix":6},"o":{"a":0,"k":100,"ix":7},"sk":{"a":0,"k":0,"ix":4},"sa":{"a":0,"k":0,"ix":5},"nm":"Transform"}],"nm":"Group 1","np":1,"cix":2,"bm":0,"ix":1,"mn":"ADBE Vector Group","hd":false},{"ty":"tm","s":{"a":1,"k":[{"t":0,"s":[23],"h":1},{"t":6,"s":[0],"h":1},{"t":60,"s":[23],"h":1}],"ix":1},"e":{"a":1,"k":[{"t":0,"s":[91],"h":1},{"t":6,"s":[100],"h":1},{"t":60,"s":[91],"h":1}],"ix":2},"o":{"a":0,"k":0,"ix":3},"m":1,"ix":2,"nm":"Trim Paths 1","mn":"ADBE Vector Filter - Trim","hd":false},{"ty":"st","c":{"a":0,"k":[0,0.592,0.918,1],"ix":3,"x":"var $bm_rt;\n$bm_rt = comp('186-puzzle-outline').layer('control').effect('primary')('Color');"},"o":{"a":0,"k":100,"ix":4},"w":{"a":0,"k":3.22,"ix":5,"x":"var $bm_rt;\n$bm_rt = $bm_mul($bm_div(value, 2), comp('186-puzzle-outline').layer('control').effect('stroke')('Menu'));"},"lc":2,"lj":2,"bm":0,"nm":".primary","mn":"ADBE Vector Graphic - Stroke","hd":false,"cl":"primary"}],"ip":0,"op":1080,"st":0,"bm":0},{"ddd":0,"ind":5,"ty":4,"nm":"Warstwa 3","parent":1,"sr":1,"ks":{"o":{"a":0,"k":100,"ix":11},"r":{"a":0,"k":180,"ix":10},"p":{"a":0,"k":[38.566,75.81,0],"ix":2,"l":2},"a":{"a":0,"k":[6.934,-5.31,0],"ix":1,"l":2},"s":{"a":0,"k":[100,100,100],"ix":6,"l":2}},"ao":0,"shapes":[{"ty":"gr","it":[{"ind":0,"ty":"sh","ix":1,"ks":{"a":0,"k":{"i":[[0,0],[0,-0.779],[3.551,0],[0,3.551],[-0.255,1.334],[0,0],[0,0],[-0.779,0],[0,3.551],[3.551,0],[1.334,-0.255],[0,0],[0,-23]],"o":[[0.255,1.334],[0,3.551],[-3.551,0],[0,-0.779],[0,0],[0,0],[1.334,0.255],[3.551,0],[0,-3.551],[-0.779,0],[0,0],[23.015,0.015],[0,0]],"v":[[12.958,10.685],[13.347,13.951],[6.919,20.379],[0.491,13.951],[0.881,10.685],[-13.893,10.685],[-13.893,-4.119],[-10.627,-3.73],[-4.199,-10.158],[-10.627,-16.586],[-13.893,-16.196],[-13.893,-31],[27.762,10.685]],"c":true},"ix":2},"nm":"Path 1","mn":"ADBE Vector Shape - Group","hd":false},{"ty":"tr","p":{"a":0,"k":[0,0],"ix":2},"a":{"a":0,"k":[0,0],"ix":1},"s":{"a":0,"k":[100,100],"ix":3},"r":{"a":0,"k":0,"ix":6},"o":{"a":0,"k":100,"ix":7},"sk":{"a":0,"k":0,"ix":4},"sa":{"a":0,"k":0,"ix":5},"nm":"Transform"}],"nm":"Group 1","np":1,"cix":2,"bm":0,"ix":1,"mn":"ADBE Vector Group","hd":false},{"ty":"st","c":{"a":0,"k":[0,0.592,0.918,1],"ix":3,"x":"var $bm_rt;\n$bm_rt = comp('186-puzzle-outline').layer('control').effect('primary')('Color');"},"o":{"a":0,"k":100,"ix":4},"w":{"a":0,"k":3.22,"ix":5,"x":"var $bm_rt;\n$bm_rt = $bm_mul($bm_div(value, 2), comp('186-puzzle-outline').layer('control').effect('stroke')('Menu'));"},"lc":2,"lj":2,"bm":0,"nm":".primary","mn":"ADBE Vector Graphic - Stroke","hd":false,"cl":"primary"}],"ip":0,"op":1080,"st":0,"bm":0},{"ddd":0,"ind":6,"ty":4,"nm":"Warstwa 1","parent":1,"td":1,"sr":1,"ks":{"o":{"a":0,"k":100,"ix":11},"r":{"a":1,"k":[{"i":{"x":[0.21],"y":[1]},"o":{"x":[0.167],"y":[0.167]},"t":6,"s":[0]},{"i":{"x":[0.833],"y":[0.833]},"o":{"x":[0.764],"y":[0]},"t":30,"s":[6]},{"t":60,"s":[0]}],"ix":10},"p":{"a":1,"k":[{"i":{"x":0.21,"y":1},"o":{"x":0.167,"y":0.167},"t":6,"s":[80.434,43.44,0],"to":[2.257,-1.251,0],"ti":[0,0,0]},{"i":{"x":0.833,"y":0.833},"o":{"x":0.764,"y":0},"t":30,"s":[93.974,35.933,0],"to":[0,0,0],"ti":[2.257,-1.251,0]},{"t":60,"s":[80.434,43.44,0]}],"ix":2,"l":2},"a":{"a":0,"k":[6.934,-5.31,0],"ix":1,"l":2},"s":{"a":0,"k":[100,100,100],"ix":6,"l":2}},"ao":0,"shapes":[{"ty":"gr","it":[{"ind":0,"ty":"sh","ix":1,"ks":{"a":0,"k":{"i":[[0,0],[0,-0.779],[3.551,0],[0,3.551],[-0.255,1.334],[0,0],[0,0],[-0.779,0],[0,3.551],[3.551,0],[1.334,-0.255],[0,0],[0,-23]],"o":[[0.255,1.334],[0,3.551],[-3.551,0],[0,-0.779],[0,0],[0,0],[1.334,0.255],[3.551,0],[0,-3.551],[-0.779,0],[0,0],[23.015,0.015],[0,0]],"v":[[12.958,10.685],[13.347,13.951],[6.919,20.379],[0.491,13.951],[0.881,10.685],[-13.893,10.685],[-13.893,-4.119],[-10.627,-3.73],[-4.199,-10.158],[-10.627,-16.586],[-13.893,-16.196],[-13.893,-31],[27.762,10.685]],"c":true},"ix":2},"nm":"Path 1","mn":"ADBE Vector Shape - Group","hd":false},{"ty":"tr","p":{"a":0,"k":[0,0],"ix":2},"a":{"a":0,"k":[0,0],"ix":1},"s":{"a":0,"k":[100,100],"ix":3},"r":{"a":0,"k":0,"ix":6},"o":{"a":0,"k":100,"ix":7},"sk":{"a":0,"k":0,"ix":4},"sa":{"a":0,"k":0,"ix":5},"nm":"Transform"}],"nm":"Group 1","np":1,"cix":2,"bm":0,"ix":1,"mn":"ADBE Vector Group","hd":false},{"ty":"fl","c":{"a":0,"k":[0,0.592,0.918,1],"ix":4,"x":"var $bm_rt;\n$bm_rt = comp('186-puzzle-outline').layer('control').effect('secondary')('Color');"},"o":{"a":0,"k":100,"ix":5},"r":1,"bm":0,"nm":".secondary","mn":"ADBE Vector Graphic - Fill","hd":false,"cl":"secondary"},{"ty":"st","c":{"a":0,"k":[0,0.592,0.918,1],"ix":3,"x":"var $bm_rt;\n$bm_rt = comp('186-puzzle-outline').layer('control').effect('secondary')('Color');"},"o":{"a":0,"k":100,"ix":4},"w":{"a":0,"k":0,"ix":5,"x":"var $bm_rt;\n$bm_rt = $bm_mul($bm_div(value, 2), comp('186-puzzle-outline').layer('control').effect('stroke')('Menu'));"},"lc":2,"lj":2,"bm":0,"nm":".secondary","mn":"ADBE Vector Graphic - Stroke","hd":false,"cl":"secondary"}],"ip":0,"op":1080,"st":0,"bm":0},{"ddd":0,"ind":7,"ty":4,"nm":"Warstwa 2","parent":1,"tt":2,"sr":1,"ks":{"o":{"a":0,"k":100,"ix":11},"r":{"a":0,"k":90,"ix":10},"p":{"a":0,"k":[75.56,80.434,0],"ix":2,"l":2},"a":{"a":0,"k":[6.934,-5.31,0],"ix":1,"l":2},"s":{"a":0,"k":[100,100,100],"ix":6,"l":2}},"ao":0,"shapes":[{"ty":"gr","it":[{"ind":0,"ty":"sh","ix":1,"ks":{"a":0,"k":{"i":[[0,0],[0,-0.779],[3.551,0],[0,3.551],[-0.255,1.334],[0,0],[0,0],[-0.779,0],[0,3.551],[3.551,0],[1.334,-0.255],[0,0],[0,-23]],"o":[[0.255,1.334],[0,3.551],[-3.551,0],[0,-0.779],[0,0],[0,0],[1.334,0.255],[3.551,0],[0,-3.551],[-0.779,0],[0,0],[23.015,0.015],[0,0]],"v":[[12.958,10.685],[13.347,13.951],[6.919,20.379],[0.491,13.951],[0.881,10.685],[-13.893,10.685],[-13.893,-4.119],[-10.627,-3.73],[-4.199,-10.158],[-10.627,-16.586],[-13.893,-16.196],[-13.893,-31],[27.762,10.685]],"c":true},"ix":2},"nm":"Path 1","mn":"ADBE Vector Shape - Group","hd":false},{"ty":"tr","p":{"a":0,"k":[0,0],"ix":2},"a":{"a":0,"k":[0,0],"ix":1},"s":{"a":0,"k":[100,100],"ix":3},"r":{"a":0,"k":0,"ix":6},"o":{"a":0,"k":100,"ix":7},"sk":{"a":0,"k":0,"ix":4},"sa":{"a":0,"k":0,"ix":5},"nm":"Transform"}],"nm":"Group 1","np":1,"cix":2,"bm":0,"ix":1,"mn":"ADBE Vector Group","hd":false},{"ty":"st","c":{"a":0,"k":[0,0.592,0.918,1],"ix":3,"x":"var $bm_rt;\n$bm_rt = comp('186-puzzle-outline').layer('control').effect('primary')('Color');"},"o":{"a":0,"k":100,"ix":4},"w":{"a":0,"k":3.22,"ix":5,"x":"var $bm_rt;\n$bm_rt = $bm_mul($bm_div(value, 2), comp('186-puzzle-outline').layer('control').effect('stroke')('Menu'));"},"lc":2,"lj":2,"bm":0,"nm":".primary","mn":"ADBE Vector Graphic - Stroke","hd":false,"cl":"primary"},{"ty":"tm","s":{"a":1,"k":[{"t":0,"s":[23],"h":1},{"t":6,"s":[0],"h":1},{"t":60,"s":[23],"h":1}],"ix":1},"e":{"a":1,"k":[{"t":0,"s":[91],"h":1},{"t":6,"s":[100],"h":1},{"t":60,"s":[91],"h":1}],"ix":2},"o":{"a":0,"k":116,"ix":3},"m":1,"ix":3,"nm":"Trim Paths 1","mn":"ADBE Vector Filter - Trim","hd":false}],"ip":0,"op":1080,"st":0,"bm":0}]},{"id":"comp_3","nm":"morph-detach","fr":60,"layers":[{"ddd":0,"ind":1,"ty":3,"nm":"NULL","sr":1,"ks":{"o":{"a":0,"k":0,"ix":11},"r":{"a":1,"k":[{"i":{"x":[0.667],"y":[1]},"o":{"x":[0.167],"y":[0.167]},"t":0,"s":[0]},{"i":{"x":[0.667],"y":[1]},"o":{"x":[0.333],"y":[0]},"t":6,"s":[-6]},{"t":13.19921875,"s":[0]}],"ix":10},"p":{"a":1,"k":[{"i":{"x":0.667,"y":1},"o":{"x":0.167,"y":0.167},"t":0,"s":[215,215,0],"to":[-1.792,1.792,0],"ti":[0,0,0]},{"i":{"x":0.667,"y":1},"o":{"x":0.333,"y":0},"t":6,"s":[204.25,225.75,0],"to":[0,0,0],"ti":[-1.792,1.792,0]},{"t":13.19921875,"s":[215,215,0]}],"ix":2,"l":2},"a":{"a":0,"k":[60,60,0],"ix":1,"l":2},"s":{"a":0,"k":[387,387,100],"ix":6,"l":2}},"ao":0,"ip":0,"op":1080,"st":0,"bm":0},{"ddd":0,"ind":2,"ty":4,"nm":"Warstwa 5","parent":1,"sr":1,"ks":{"o":{"a":0,"k":100,"ix":11},"r":{"a":1,"k":[{"i":{"x":[0.21],"y":[1]},"o":{"x":[0.167],"y":[0.167]},"t":6,"s":[0]},{"t":30,"s":[6]}],"ix":10},"p":{"a":1,"k":[{"i":{"x":0.21,"y":1},"o":{"x":0.167,"y":0.167},"t":6,"s":[80.434,43.44,0],"to":[2.257,-1.251,0],"ti":[-2.257,1.251,0]},{"t":30,"s":[93.974,35.933,0]}],"ix":2,"l":2},"a":{"a":0,"k":[6.934,-5.31,0],"ix":1,"l":2},"s":{"a":0,"k":[100,100,100],"ix":6,"l":2}},"ao":0,"shapes":[{"ty":"gr","it":[{"ind":0,"ty":"sh","ix":1,"ks":{"a":0,"k":{"i":[[0,0],[0,-0.779],[3.551,0],[0,3.551],[-0.255,1.334],[0,0],[0,0],[-0.779,0],[0,3.551],[3.551,0],[1.334,-0.255],[0,0],[0,-23]],"o":[[0.255,1.334],[0,3.551],[-3.551,0],[0,-0.779],[0,0],[0,0],[1.334,0.255],[3.551,0],[0,-3.551],[-0.779,0],[0,0],[23.015,0.015],[0,0]],"v":[[12.958,10.685],[13.347,13.951],[6.919,20.379],[0.491,13.951],[0.881,10.685],[-13.893,10.685],[-13.893,-4.119],[-10.627,-3.73],[-4.199,-10.158],[-10.627,-16.586],[-13.893,-16.196],[-13.893,-31],[27.762,10.685]],"c":true},"ix":2},"nm":"Path 1","mn":"ADBE Vector Shape - Group","hd":false},{"ty":"tr","p":{"a":0,"k":[0,0],"ix":2},"a":{"a":0,"k":[0,0],"ix":1},"s":{"a":0,"k":[100,100],"ix":3},"r":{"a":0,"k":0,"ix":6},"o":{"a":0,"k":100,"ix":7},"sk":{"a":0,"k":0,"ix":4},"sa":{"a":0,"k":0,"ix":5},"nm":"Transform"}],"nm":"Group 1","np":1,"cix":2,"bm":0,"ix":1,"mn":"ADBE Vector Group","hd":false},{"ty":"st","c":{"a":0,"k":[0,0.592,0.918,1],"ix":3,"x":"var $bm_rt;\n$bm_rt = comp('186-puzzle-outline').layer('control').effect('secondary')('Color');"},"o":{"a":0,"k":100,"ix":4},"w":{"a":0,"k":3.22,"ix":5,"x":"var $bm_rt;\n$bm_rt = $bm_mul($bm_div(value, 2), comp('186-puzzle-outline').layer('control').effect('stroke')('Menu'));"},"lc":2,"lj":2,"bm":0,"nm":".secondary","mn":"ADBE Vector Graphic - Stroke","hd":false,"cl":"secondary"}],"ip":0,"op":1080,"st":0,"bm":0},{"ddd":0,"ind":3,"ty":4,"nm":"Warstwa 6","parent":1,"td":1,"sr":1,"ks":{"o":{"a":0,"k":100,"ix":11},"r":{"a":1,"k":[{"i":{"x":[0.21],"y":[1]},"o":{"x":[0.167],"y":[0.167]},"t":6,"s":[0]},{"t":30,"s":[6]}],"ix":10},"p":{"a":1,"k":[{"i":{"x":0.21,"y":1},"o":{"x":0.167,"y":0.167},"t":6,"s":[80.434,43.44,0],"to":[2.257,-1.251,0],"ti":[-2.257,1.251,0]},{"t":30,"s":[93.974,35.933,0]}],"ix":2,"l":2},"a":{"a":0,"k":[6.934,-5.31,0],"ix":1,"l":2},"s":{"a":0,"k":[100,100,100],"ix":6,"l":2}},"ao":0,"shapes":[{"ty":"gr","it":[{"ind":0,"ty":"sh","ix":1,"ks":{"a":0,"k":{"i":[[0,0],[0,-0.779],[3.551,0],[0,3.551],[-0.255,1.334],[0,0],[0,0],[-0.779,0],[0,3.551],[3.551,0],[1.334,-0.255],[0,0],[0,-23]],"o":[[0.255,1.334],[0,3.551],[-3.551,0],[0,-0.779],[0,0],[0,0],[1.334,0.255],[3.551,0],[0,-3.551],[-0.779,0],[0,0],[23.015,0.015],[0,0]],"v":[[12.958,10.685],[13.347,13.951],[6.919,20.379],[0.491,13.951],[0.881,10.685],[-13.893,10.685],[-13.893,-4.119],[-10.627,-3.73],[-4.199,-10.158],[-10.627,-16.586],[-13.893,-16.196],[-13.893,-31],[27.762,10.685]],"c":true},"ix":2},"nm":"Path 1","mn":"ADBE Vector Shape - Group","hd":false},{"ty":"tr","p":{"a":0,"k":[0,0],"ix":2},"a":{"a":0,"k":[0,0],"ix":1},"s":{"a":0,"k":[100,100],"ix":3},"r":{"a":0,"k":0,"ix":6},"o":{"a":0,"k":100,"ix":7},"sk":{"a":0,"k":0,"ix":4},"sa":{"a":0,"k":0,"ix":5},"nm":"Transform"}],"nm":"Group 1","np":1,"cix":2,"bm":0,"ix":1,"mn":"ADBE Vector Group","hd":false},{"ty":"fl","c":{"a":0,"k":[0,0.592,0.918,1],"ix":4,"x":"var $bm_rt;\n$bm_rt = comp('186-puzzle-outline').layer('control').effect('secondary')('Color');"},"o":{"a":0,"k":100,"ix":5},"r":1,"bm":0,"nm":".secondary","mn":"ADBE Vector Graphic - Fill","hd":false,"cl":"secondary"},{"ty":"st","c":{"a":0,"k":[0,0.592,0.918,1],"ix":3,"x":"var $bm_rt;\n$bm_rt = comp('186-puzzle-outline').layer('control').effect('secondary')('Color');"},"o":{"a":0,"k":100,"ix":4},"w":{"a":0,"k":0,"ix":5,"x":"var $bm_rt;\n$bm_rt = $bm_mul($bm_div(value, 2), comp('186-puzzle-outline').layer('control').effect('stroke')('Menu'));"},"lc":2,"lj":2,"bm":0,"nm":".secondary","mn":"ADBE Vector Graphic - Stroke","hd":false,"cl":"secondary"}],"ip":0,"op":1080,"st":0,"bm":0},{"ddd":0,"ind":4,"ty":4,"nm":"Warstwa 4","parent":1,"tt":2,"sr":1,"ks":{"o":{"a":0,"k":100,"ix":11},"r":{"a":0,"k":270,"ix":10},"p":{"a":0,"k":[43.44,38.816,0],"ix":2,"l":2},"a":{"a":0,"k":[6.934,-5.31,0],"ix":1,"l":2},"s":{"a":0,"k":[100,100,100],"ix":6,"l":2}},"ao":0,"shapes":[{"ty":"gr","it":[{"ind":0,"ty":"sh","ix":1,"ks":{"a":0,"k":{"i":[[0,0],[0,-0.779],[3.551,0],[0,3.551],[-0.255,1.334],[0,0],[0,0],[-0.779,0],[0,3.551],[3.551,0],[1.334,-0.255],[0,0],[0,-23]],"o":[[0.255,1.334],[0,3.551],[-3.551,0],[0,-0.779],[0,0],[0,0],[1.334,0.255],[3.551,0],[0,-3.551],[-0.779,0],[0,0],[23.015,0.015],[0,0]],"v":[[12.958,10.685],[13.347,13.951],[6.919,20.379],[0.491,13.951],[0.881,10.685],[-13.893,10.685],[-13.893,-4.119],[-10.627,-3.73],[-4.199,-10.158],[-10.627,-16.586],[-13.893,-16.196],[-13.893,-31],[27.762,10.685]],"c":true},"ix":2},"nm":"Path 1","mn":"ADBE Vector Shape - Group","hd":false},{"ty":"tr","p":{"a":0,"k":[0,0],"ix":2},"a":{"a":0,"k":[0,0],"ix":1},"s":{"a":0,"k":[100,100],"ix":3},"r":{"a":0,"k":0,"ix":6},"o":{"a":0,"k":100,"ix":7},"sk":{"a":0,"k":0,"ix":4},"sa":{"a":0,"k":0,"ix":5},"nm":"Transform"}],"nm":"Group 1","np":1,"cix":2,"bm":0,"ix":1,"mn":"ADBE Vector Group","hd":false},{"ty":"tm","s":{"a":1,"k":[{"t":0,"s":[23],"h":1},{"t":6,"s":[0],"h":1}],"ix":1},"e":{"a":1,"k":[{"t":0,"s":[91],"h":1},{"t":6,"s":[100],"h":1}],"ix":2},"o":{"a":0,"k":0,"ix":3},"m":1,"ix":2,"nm":"Trim Paths 1","mn":"ADBE Vector Filter - Trim","hd":false},{"ty":"st","c":{"a":0,"k":[0,0.592,0.918,1],"ix":3,"x":"var $bm_rt;\n$bm_rt = comp('186-puzzle-outline').layer('control').effect('primary')('Color');"},"o":{"a":0,"k":100,"ix":4},"w":{"a":0,"k":3.22,"ix":5,"x":"var $bm_rt;\n$bm_rt = $bm_mul($bm_div(value, 2), comp('186-puzzle-outline').layer('control').effect('stroke')('Menu'));"},"lc":2,"lj":2,"bm":0,"nm":".primary","mn":"ADBE Vector Graphic - Stroke","hd":false,"cl":"primary"}],"ip":0,"op":1080,"st":0,"bm":0},{"ddd":0,"ind":5,"ty":4,"nm":"Warstwa 3","parent":1,"sr":1,"ks":{"o":{"a":0,"k":100,"ix":11},"r":{"a":0,"k":180,"ix":10},"p":{"a":0,"k":[38.566,75.81,0],"ix":2,"l":2},"a":{"a":0,"k":[6.934,-5.31,0],"ix":1,"l":2},"s":{"a":0,"k":[100,100,100],"ix":6,"l":2}},"ao":0,"shapes":[{"ty":"gr","it":[{"ind":0,"ty":"sh","ix":1,"ks":{"a":0,"k":{"i":[[0,0],[0,-0.779],[3.551,0],[0,3.551],[-0.255,1.334],[0,0],[0,0],[-0.779,0],[0,3.551],[3.551,0],[1.334,-0.255],[0,0],[0,-23]],"o":[[0.255,1.334],[0,3.551],[-3.551,0],[0,-0.779],[0,0],[0,0],[1.334,0.255],[3.551,0],[0,-3.551],[-0.779,0],[0,0],[23.015,0.015],[0,0]],"v":[[12.958,10.685],[13.347,13.951],[6.919,20.379],[0.491,13.951],[0.881,10.685],[-13.893,10.685],[-13.893,-4.119],[-10.627,-3.73],[-4.199,-10.158],[-10.627,-16.586],[-13.893,-16.196],[-13.893,-31],[27.762,10.685]],"c":true},"ix":2},"nm":"Path 1","mn":"ADBE Vector Shape - Group","hd":false},{"ty":"tr","p":{"a":0,"k":[0,0],"ix":2},"a":{"a":0,"k":[0,0],"ix":1},"s":{"a":0,"k":[100,100],"ix":3},"r":{"a":0,"k":0,"ix":6},"o":{"a":0,"k":100,"ix":7},"sk":{"a":0,"k":0,"ix":4},"sa":{"a":0,"k":0,"ix":5},"nm":"Transform"}],"nm":"Group 1","np":1,"cix":2,"bm":0,"ix":1,"mn":"ADBE Vector Group","hd":false},{"ty":"st","c":{"a":0,"k":[0,0.592,0.918,1],"ix":3,"x":"var $bm_rt;\n$bm_rt = comp('186-puzzle-outline').layer('control').effect('primary')('Color');"},"o":{"a":0,"k":100,"ix":4},"w":{"a":0,"k":3.22,"ix":5,"x":"var $bm_rt;\n$bm_rt = $bm_mul($bm_div(value, 2), comp('186-puzzle-outline').layer('control').effect('stroke')('Menu'));"},"lc":2,"lj":2,"bm":0,"nm":".primary","mn":"ADBE Vector Graphic - Stroke","hd":false,"cl":"primary"}],"ip":0,"op":1080,"st":0,"bm":0},{"ddd":0,"ind":6,"ty":4,"nm":"Warstwa 1","parent":1,"td":1,"sr":1,"ks":{"o":{"a":0,"k":100,"ix":11},"r":{"a":1,"k":[{"i":{"x":[0.21],"y":[1]},"o":{"x":[0.167],"y":[0.167]},"t":6,"s":[0]},{"t":30,"s":[6]}],"ix":10},"p":{"a":1,"k":[{"i":{"x":0.21,"y":1},"o":{"x":0.167,"y":0.167},"t":6,"s":[80.434,43.44,0],"to":[2.257,-1.251,0],"ti":[-2.257,1.251,0]},{"t":30,"s":[93.974,35.933,0]}],"ix":2,"l":2},"a":{"a":0,"k":[6.934,-5.31,0],"ix":1,"l":2},"s":{"a":0,"k":[100,100,100],"ix":6,"l":2}},"ao":0,"shapes":[{"ty":"gr","it":[{"ind":0,"ty":"sh","ix":1,"ks":{"a":0,"k":{"i":[[0,0],[0,-0.779],[3.551,0],[0,3.551],[-0.255,1.334],[0,0],[0,0],[-0.779,0],[0,3.551],[3.551,0],[1.334,-0.255],[0,0],[0,-23]],"o":[[0.255,1.334],[0,3.551],[-3.551,0],[0,-0.779],[0,0],[0,0],[1.334,0.255],[3.551,0],[0,-3.551],[-0.779,0],[0,0],[23.015,0.015],[0,0]],"v":[[12.958,10.685],[13.347,13.951],[6.919,20.379],[0.491,13.951],[0.881,10.685],[-13.893,10.685],[-13.893,-4.119],[-10.627,-3.73],[-4.199,-10.158],[-10.627,-16.586],[-13.893,-16.196],[-13.893,-31],[27.762,10.685]],"c":true},"ix":2},"nm":"Path 1","mn":"ADBE Vector Shape - Group","hd":false},{"ty":"tr","p":{"a":0,"k":[0,0],"ix":2},"a":{"a":0,"k":[0,0],"ix":1},"s":{"a":0,"k":[100,100],"ix":3},"r":{"a":0,"k":0,"ix":6},"o":{"a":0,"k":100,"ix":7},"sk":{"a":0,"k":0,"ix":4},"sa":{"a":0,"k":0,"ix":5},"nm":"Transform"}],"nm":"Group 1","np":1,"cix":2,"bm":0,"ix":1,"mn":"ADBE Vector Group","hd":false},{"ty":"fl","c":{"a":0,"k":[0,0.592,0.918,1],"ix":4,"x":"var $bm_rt;\n$bm_rt = comp('186-puzzle-outline').layer('control').effect('secondary')('Color');"},"o":{"a":0,"k":100,"ix":5},"r":1,"bm":0,"nm":".secondary","mn":"ADBE Vector Graphic - Fill","hd":false,"cl":"secondary"},{"ty":"st","c":{"a":0,"k":[0,0.592,0.918,1],"ix":3,"x":"var $bm_rt;\n$bm_rt = comp('186-puzzle-outline').layer('control').effect('secondary')('Color');"},"o":{"a":0,"k":100,"ix":4},"w":{"a":0,"k":0,"ix":5,"x":"var $bm_rt;\n$bm_rt = $bm_mul($bm_div(value, 2), comp('186-puzzle-outline').layer('control').effect('stroke')('Menu'));"},"lc":2,"lj":2,"bm":0,"nm":".secondary","mn":"ADBE Vector Graphic - Stroke","hd":false,"cl":"secondary"}],"ip":0,"op":1080,"st":0,"bm":0},{"ddd":0,"ind":7,"ty":4,"nm":"Warstwa 2","parent":1,"tt":2,"sr":1,"ks":{"o":{"a":0,"k":100,"ix":11},"r":{"a":0,"k":90,"ix":10},"p":{"a":0,"k":[75.56,80.434,0],"ix":2,"l":2},"a":{"a":0,"k":[6.934,-5.31,0],"ix":1,"l":2},"s":{"a":0,"k":[100,100,100],"ix":6,"l":2}},"ao":0,"shapes":[{"ty":"gr","it":[{"ind":0,"ty":"sh","ix":1,"ks":{"a":0,"k":{"i":[[0,0],[0,-0.779],[3.551,0],[0,3.551],[-0.255,1.334],[0,0],[0,0],[-0.779,0],[0,3.551],[3.551,0],[1.334,-0.255],[0,0],[0,-23]],"o":[[0.255,1.334],[0,3.551],[-3.551,0],[0,-0.779],[0,0],[0,0],[1.334,0.255],[3.551,0],[0,-3.551],[-0.779,0],[0,0],[23.015,0.015],[0,0]],"v":[[12.958,10.685],[13.347,13.951],[6.919,20.379],[0.491,13.951],[0.881,10.685],[-13.893,10.685],[-13.893,-4.119],[-10.627,-3.73],[-4.199,-10.158],[-10.627,-16.586],[-13.893,-16.196],[-13.893,-31],[27.762,10.685]],"c":true},"ix":2},"nm":"Path 1","mn":"ADBE Vector Shape - Group","hd":false},{"ty":"tr","p":{"a":0,"k":[0,0],"ix":2},"a":{"a":0,"k":[0,0],"ix":1},"s":{"a":0,"k":[100,100],"ix":3},"r":{"a":0,"k":0,"ix":6},"o":{"a":0,"k":100,"ix":7},"sk":{"a":0,"k":0,"ix":4},"sa":{"a":0,"k":0,"ix":5},"nm":"Transform"}],"nm":"Group 1","np":1,"cix":2,"bm":0,"ix":1,"mn":"ADBE Vector Group","hd":false},{"ty":"st","c":{"a":0,"k":[0,0.592,0.918,1],"ix":3,"x":"var $bm_rt;\n$bm_rt = comp('186-puzzle-outline').layer('control').effect('primary')('Color');"},"o":{"a":0,"k":100,"ix":4},"w":{"a":0,"k":3.22,"ix":5,"x":"var $bm_rt;\n$bm_rt = $bm_mul($bm_div(value, 2), comp('186-puzzle-outline').layer('control').effect('stroke')('Menu'));"},"lc":2,"lj":2,"bm":0,"nm":".primary","mn":"ADBE Vector Graphic - Stroke","hd":false,"cl":"primary"},{"ty":"tm","s":{"a":1,"k":[{"t":0,"s":[23],"h":1},{"t":6,"s":[0],"h":1}],"ix":1},"e":{"a":1,"k":[{"t":0,"s":[91],"h":1},{"t":6,"s":[100],"h":1}],"ix":2},"o":{"a":0,"k":116,"ix":3},"m":1,"ix":3,"nm":"Trim Paths 1","mn":"ADBE Vector Filter - Trim","hd":false}],"ip":0,"op":1080,"st":0,"bm":0}]}],"layers":[{"ddd":0,"ind":1,"ty":3,"nm":"control","sr":1,"ks":{"o":{"a":0,"k":0,"ix":11},"r":{"a":0,"k":0,"ix":10},"p":{"a":0,"k":[0,0],"ix":2,"l":2},"a":{"a":0,"k":[0,0,0],"ix":1,"l":2},"s":{"a":0,"k":[100,100,100],"ix":6,"l":2}},"ao":0,"ef":[{"ty":5,"nm":"stroke","np":3,"mn":"Pseudo/@@xaTZOpF9SwK2KdWxBtTHeA","ix":1,"en":1,"ef":[{"ty":7,"nm":"Menu","mn":"Pseudo/@@xaTZOpF9SwK2KdWxBtTHeA-0001","ix":1,"v":{"a":0,"k":2,"ix":1}}]},{"ty":5,"nm":"primary","np":3,"mn":"ADBE Color Control","ix":2,"en":1,"ef":[{"ty":2,"nm":"Color","mn":"ADBE Color Control-0001","ix":1,"v":{"a":0,"k":[0,0.592,0.918],"ix":1}}]},{"ty":5,"nm":"secondary","np":3,"mn":"ADBE Color Control","ix":3,"en":1,"ef":[{"ty":2,"nm":"Color","mn":"ADBE Color Control-0001","ix":1,"v":{"a":0,"k":[0,0.592,0.918],"ix":1}}]}],"ip":0,"op":230,"st":0,"bm":0},{"ddd":0,"ind":2,"ty":0,"nm":"in-reveal","refId":"comp_0","sr":1,"ks":{"o":{"a":0,"k":100,"ix":11},"r":{"a":0,"k":0,"ix":10},"p":{"a":0,"k":[215,215,0],"ix":2,"l":2},"a":{"a":0,"k":[215,215,0],"ix":1,"l":2},"s":{"a":0,"k":[100,100,100],"ix":6,"l":2}},"ao":0,"w":430,"h":430,"ip":0,"op":99,"st":0,"bm":0},{"ddd":0,"ind":3,"ty":0,"nm":"hover-detach","refId":"comp_2","sr":1,"ks":{"o":{"a":0,"k":100,"ix":11},"r":{"a":0,"k":0,"ix":10},"p":{"a":0,"k":[215,215,0],"ix":2,"l":2},"a":{"a":0,"k":[215,215,0],"ix":1,"l":2},"s":{"a":0,"k":[100,100,100],"ix":6,"l":2}},"ao":0,"w":430,"h":430,"ip":99,"op":199,"st":99,"bm":0},{"ddd":0,"ind":4,"ty":0,"nm":"morph-detach","refId":"comp_3","sr":1,"ks":{"o":{"a":0,"k":100,"ix":11},"r":{"a":0,"k":0,"ix":10},"p":{"a":0,"k":[215,215,0],"ix":2,"l":2},"a":{"a":0,"k":[215,215,0],"ix":1,"l":2},"s":{"a":0,"k":[100,100,100],"ix":6,"l":2}},"ao":0,"w":430,"h":430,"ip":199,"op":239,"st":199,"bm":0}],"markers":[{"tm":0,"cm":"in-reveal","dr":89},{"tm":99,"cm":"default:hover-detach","dr":90},{"tm":199,"cm":"morph-detach","dr":30}]}